x1;x2;x3;x4;x5;x6;x7;x8;x9;x10;x11;x12;x13;x14;x15;x16;x17;x18;x19;x20;x21;x22;x23;x24;x25;x26;x27;x28;x29;x30;x31;x32;x33;x34;x35;x36;x37;x38;x39;x40;x41;x42;x43;x44;x45;x46;x47;x48;x49;x50;x51;x52;x53;x54;x55;x56;x57;x58;x59;x60;x61;x62;x63;x64;x65;x66;x67;x68;x69;x70;x71;x72;x73;x74;x75;x76;x77;x78;x79;x80;x81;x82;x83;x84;x85;x86;x87;x88;x89;x90;x91;x92;x93;x94;x95;x96;x97;x98;x99;x100;y
9,10717021;0,024945825;0,024301682;17,44881287;9,107535567;0,0686592;0,193879913;0,009789384;5,518668821;6,032205899;95,31737296;4,7761;11,09188044;14,01363846;0,116723254;72,0565;0,024293156;0,1733145;0,1357813;0,036188157;0,222977593;0,155588766;0,004423708;0,985577592;0,007486058;0,533129198;0,004159573;49,9822;53,41707946;103,9091464;45,97157405;52,73725;24,23364541;3,193881489;2,266500003;1746,475598;55,76416013;9,785004696;0,800122049;0,066476467;0,015628002;1,183316753;0,049788143;4,751529795;8,835043271;0,630924775;29,52095659;0,790568137;0,787431;2,967615859;74,20744115;5,970140704;92,54260622;1,232154316;77,42398684;6,14044;0,341506;0,204712;8,698496458;0,046782342;4,978589368;317,1968577;375,0422166;123,3416853;30,7022584;49,89623736;17,62488994;2,258524067;19,76897728;22,78568773;12,09804992;12,76873837;11,44639958;0,062339984;2,594032102;3,99952;86,87308962;0,123226707;30,3413585;51,93698663;0,064722026;97,63369514;7,699319446;62,24049285;77,54531383;0,234803308;0,110418638;104,1514281;59,55276912;1,447346063;0,51173578;0,227978901;0,063651301;9,555406634;10,11060187;0,783864215;0,023166998;20,5328333;44,65852021;0,148481;98,625
11,5093667;0,0277407;0,0290873;16,47413602;11,5104;0,9672136;0,163787;0,008620407;5,5192;5,564825264;95,40219044;4,7355443;11,49383794;14,51502502;0,099284;70,1707;0,0231554;0,188509;0,1428428;0,051428563;0,216712754;0,150548;0,003133;1,211798;0,0091999;0,567730235;0,003982;49,9545;54,87565831;99,271075;46,28835046;52,6385;24,4144333;4,062484;2,607338835;1798,42;54,65580105;10,09739477;0,805769148;0,071811876;0,017204703;1,1588667;0,057227285;4,84575948;8,555903637;0,664144485;34,37290214;0,9780415;0,7902379;2,950448826;72,84719976;6,306521853;91,88770682;1,137769;77,1816;6,67085;0,33054;0,199796;9,868208221;0,0495415;5,2853133;303,5641376;392,4480743;126,0416511;29,83803467;63,3001557;25,3551;2,28126;27,766315;31,2248239;14,2756039;14,91820848;11,90313902;0,075007295;2,474763;3,9726;88,483;0,077411087;30,18928348;55,39314;0,041021863;98,5365;7,051938562;64,40715784;80,35459468;0,172311056;0,122759548;114,8606738;68,1879;1,436618833;0,453053786;0,221248514;0,050946146;9,356825807;6,484112367;0,7915857;0,02203302;19,9589286;44,6765387;0,205161;96,143
10,1812543;0,0285474;0,0286301;15,37276468;10,1819929;0,0362551;0,191581;0,010187213;5,5861429;6,086779815;95,10534952;4,7574443;12,1189;15,27696;0,107884;72,863;0,0177683;0,2166737;0,1482733;0,028483;0,178882;0,077878;0,003054848;0,936585;0,0071112;0,556263416;0,001201;47,4497429;55,53313333;73,69895;46,9305;54,4011571;20,5775571;3,5219243;2,427151355;1805,63;53,50466743;9,763710467;0,817873499;0,068762932;0,017667624;1,16175;0,061280732;5,05488;8,932558329;0,6858703;37,01735;0,9650544;0,801464;2,85454;77,03689653;6,180915;98,7951;1,743275;76,5186;5,80233;0,354998;0,168563;8,652464234;0,0503177;5,0348629;288,2560048;375,5740143;125,0646383;29,97380269;56,4007622;22,1695843;2,1742534;24,8047344;28,2760965;9,58535;10,2622;11,35639525;0,065833381;2,498505952;4,52814;88,0173;0,115903134;29,82195019;52,2137714;0,0507793;98,5269;7,51803;62,5006;77,9958;0,201248364;0,1252875;80,13338;61,3882714;1,54512;0,493629894;0,227237645;0,055327632;9,244334986;6,623507522;0,7938104;0,0216123;19,4773286;43,55865;0,3981017;98,575
11,4917143;0,0321526;0,0270757;15,5822;11,4918286;0,4409279;0,154916;0,007497411;5,654;5,174430622;94,8419635;4,85355;12,24;15,43203;0,102685;71,409;0,0423779;0,1459157;0,146972;0,001605;0,313398;0,117123;0,007803;1,03175;0,0078231;0,584186342;0,004314;50,1433714;54,9095667;102,0770286;46,3577857;54,3116571;24,6914714;3,9878586;2,87774;1794,89;53,74764955;10,450445;0,77075;0,07574;0,015934046;1,2314171;0,055764889;4,5977443;8,1052204;0,669682;35,9430714;1,0219189;0,7819001;2,7989514;77,54025;7,01409;90,37915;1,27637;77,4053;5,43778;0,237091;0,127147;10,82593414;0,0511343;5,6886271;308,2783666;390,9064313;124,7845;29,2574;64,2072124;22,4813857;2,3447957;23,6479534;29,0211729;12,2266;12,9659;15,2043;0,067854468;2,685351934;4,68369;88,9147;0,044065985;29,54785;54,7489857;0,041735614;98,3052;7,359608245;64,6661;81,8929;0,235221;0,1250166;87,3333;71,0335857;1,63478;0,527637461;0,2393783;0,094336;9,223406721;3,995014804;0,7996257;0,0326334;17,8077857;42,7625286;0,1124107;100,17
10,4091771;0,0276011;0,027052;14,2989571;10,4076471;0,3067629;0,137691;0,009045344;5,612;5,4709575;94,7144196;4,9915386;11,643;14,7072;0,0712;74,4875;0,0732626;0,1588721;0,163921;0,045047;0,180857;0,148619;0,00888;0,883973;0,0067023;0,58795;0,00212;51,2012714;54,6098714;78,9925571;46,4713429;54,3890571;24,4535714;3,2973557;2,5450067;1791,8;51,33972153;11,1587571;0,9099286;0,0714143;0,016669798;1,1411114;0,0920748;4,6719529;9,5641717;0,6643983;36,1462571;0,808973;0,7830074;3,2151517;95,2207857;6,53804;92,7474833;1,1022612;81,3162;5,2766;0,364834;0,17081;5,3224767;0,0460984;5,4184871;334,174;423,5226667;124,8462857;28,8883143;59,1875992;17,6022857;1,7670629;18,9163927;22,8091618;10,374;11,0195;12,539;0,027962;3,5499717;4,45908;89,7326;0,064551;28,4953;54,2923286;0,04754;98,2725;7,78999;63,35565451;78,77403308;0,234740431;0,1171286;80,8571143;64,2409857;1,73349;0,596461868;0,252767248;0,113345;9,0229049;4,6278844;0,7906191;0,0253566;17,7213667;43,4743714;0,038025;103,86
10,0831414;0,0342167;0,0285334;14,5035286;10,0841229;0,0911717;0,152194;0,01144;5,6582857;5,7514686;93,6877044;4,8083171;12,7647;16,12732;0,057967;71,568;0,0517321;0,1760214;0,1276483;0,0497;0,153338;0,116654;0,004603;1,320856;0,0100284;0,47807;0,004195;51,5115857;54,9747714;86,9077714;49,3514286;54,0572429;24,2097714;3,7692914;2,8775414;1783,26;52,53579661;10,29713;0,8282571;0,0756857;0,016059703;1,0479157;0,0845119;4,8550286;9,8062594;0,654417;34,3959;0,7417507;0,8024304;2,9167429;71,9514286;6,6057129;89,0533;1,488148;79,8343;7,07181;0,332639;0,19467;7,1974029;0,0468373;5,0526429;320,1368;443,8795714;123,3854286;28,9631429;57,6317576;16,7478;1,6812257;19,2948078;22,0865446;9,1518;9,56805;11,2702;0,056659;2,9438714;2,6863;56,5728;0,105028;28,9966857;51,8935143;0,052925;97,5308;7,53709;64,1098;81,046;0,277928;0,1181787;116,4761429;68,2493571;1,5816461;0,763719;0,276657;0,129448;9,2218405;17,227308;0,7999761;0,0222573;18,2153143;43,4474571;0,755512;103,08
11,2791857;0,0331467;0,0306423;15,7585857;11,2788571;0,4725996;0,160654;0,014064;5,666;5,8027557;94,5963746;4,7723443;10,7964;13,65623;0,079766;68,2168;0,0260589;0,1896811;0,1137997;0,045193;0,170637;0,113707;0,002169;0,871636;0,0066079;0,622602;0,004235;51,3838143;55,0449857;99,3807571;46,9592143;51,9902;24,3437286;3,9548657;2,6061357;1783,27;53,04328306;10,6980714;0,7426571;0,0781714;0,016498764;1,1841729;0,0904202;4,8935;8,3056422;0,6615757;31,5096857;0,8943397;0,7897127;2,8421671;64,8551714;6,5495971;96,5401;1,4211673;75,2879;8,27382;0,247098;0,125906;5,1615429;0,0486904;5,62921;295,9204587;389,0711429;122,8783333;28,5715286;62,9285738;18,9316143;1,9004886;20,9253113;24,9351527;9,74323;10,2995;11,178;0,052406;3,49956;2,9889;89,5168;0,079599125;28,7886286;53,3759714;0,05793;98,3155;7,4746;64,061;79,6757;0,222998;0,1053714;173,762;73,1008286;1,53422;0,611821;0,37105;0,070357487;9,2840148;4,572077431;0,7963209;0,0247462;18,1131833;44,9570714;0,3218354;100,84
9,8253786;0,0194909;0,0279112;16,8080571;9,8218986;0,0568096;0,182023;0,009456;5,7454286;5,2944071;95,3438037;4,7195114;11,8098;14,94231;0,082456;72,0451;0,0128162;0,2100506;0,097598;0,019299;0,177931;0,098317;0,001699;0,834158;0,0063243;0,579372;0,005672;51,1768;54,9977714;75,8751857;45,9817857;51,9630571;24,7729857;3,0215086;2,5229571;1786,42;55,37520122;10,9599143;0,7431286;0,0797;0,015787355;1,1848271;0,0746294;4,6306443;7,316907;0,6662704;36,1011143;0,793171;0,7844731;2,57201;65,5629429;7,2083414;88,23;1,691549;75,8049;8,51652;0,261851;0,13896;6,6121829;0,0429866;4,5639729;314,1690364;362,6668333;123,6952782;28,9774571;54,2536631;18,1501143;1,8222543;19,168941;23,0697795;9,55249;10,2227;11,0369;0,046842;2,8742414;2,3244;61,6621;0,114638109;28,1193857;52,0753143;0,040159;97,5411;7,75722;62,4045;77,8488;0,192787;0,114176;99,6189;58,8824;1,36716;0,851992;0,412545;0,050016;9,496754922;18,0273533;0,7955886;0,0243201;27,0945714;44,8039;0,5582576;98,373
7,381;0,0163846;0,0191947;16,2619286;7,3776786;0,1230017;0,192865;0,008956;5,5295714;5,1117486;95,6450277;4,7361671;11,2166;14,13259;0,088348;67,3648;0,0053586;0,2143124;0,1325203;0,011252;0,202341;0,157604;0,001223;0,749712;0,0056879;0,712095;0,006208;50,8075143;54,9723143;39,4249286;50,4173143;51,9887429;23,5083714;2,5902514;2,8223157;1792,71;58,22930013;10,7896571;0,748;0,0737;0,014951446;1,2164986;0,0707124;4,69876;7,6511833;0,6892573;33,5269;0,7009926;0,7749441;2,8092871;65,3876143;6,5087257;89,2811333;1,297417;75,4654;7,196125;0,2894865;0,143264;5,9269;0,0445547;4,5671557;336,4554748;375,0851816;122,0928936;29,2148;40,6038302;13,4636143;1,35164;14,5971296;16,8596827;9,44839;9,91988;10,4803;0,040089;3,6652057;2,80618;87,4039;0,120799;27,9372143;50,8440286;0,051719;97,9566;6,32453;61,42921196;76,60567605;0,178401;0,1138906;221,619;48,9994429;1,12793;0,471950091;0,215187774;0,065803;9,1704664;20,608445;0,7882606;0,0238486;26,6415429;45,5155857;1,218989;95,405
7,25343;0,0189896;0,0170871;16,6761571;7,2522371;0,1259504;0,192146;0,010318;5,3584286;5,4187671;94,7749384;4,8849229;10,7572;13,66036;0,09195;79,2928;0,0095953;0,2157336;0,1580846;0,019891;0,231995;0,146565;0,006811451;0,644464;0,0048853;0,524713;0,013066;50,0605714;55,0585286;37,7269;50,9864143;51,9945571;23,4569857;2,5030786;2,4570443;1798,66;58,18153806;10,8144;0,7744;0,0805;0,014765695;1,3634329;0,045737;4,6200543;8,5198493;0,6078894;24,1038571;0,7163761;0,8039906;3,1347586;66,3960571;6,0459443;95,9882;1,4357586;77,76765;9,30882;0,265801;0,154397;6,0903186;0,0451581;4,9719729;400,363;365,4763762;121,1234243;30,4229429;40,2790289;12,5840714;1,3246714;13,7757161;16,525688;9,12977;9,6357;13,4615;0,041274;2,6506729;1,50596;88,5853;0,169048;28,2777286;49,7966571;0,049117;96,0145;9,68026;62,5404;77,3611;0,213521;0,0946024;80,3095429;47,2063;1,28504;0,64811;0,260188;0,048869;9,1853695;15,6495375;0,7861557;0,0191997;22,6343;43,7344286;1,7549029;96,803
7,1091743;0,0268139;0,0265276;14,5937;7,1089329;1,1071933;0,192208;0,007581;5,4855714;7,3967043;95,038198;4,89;14,7424;18,63278;0,084157;75,8507;0,0110871;0,2205407;0,1596257;0,010244;0,208906;0,17324;0,001504;0,676249;0,0051297;0,534136;0,008032;50,0478;55,0543143;53,8130143;51,2075143;51,9896571;23,87255;2,5380029;1,8453529;1786,26;57,59803807;9,8637829;0,7546286;0,0647857;0,01546717;1,3705557;0,0442384;4,7132114;8,585179;0,5947327;23,5519571;0,5897896;0,77634;3,12591;64,5545286;5,6171014;100,7902143;1,4614025;72,8265;6,02297;0,21256;0,118199;8,1847386;0,0459776;5,0489686;338,086;366,5442238;121,7219603;30,9097429;40,6702157;17,0432429;2,0096571;21,0429596;22,3068757;11,46055;11,95485;12,5132;0,075029;2,8776543;4,55546;91,9365;0,140818;30,6217714;50,9191571;0,077632;96,5689;7,66003;62,5968;77,2087;0,321914;0,0948474;81,9166857;50,2113571;1,29876;0,626105;0,245632;0,060808;10,3193989;13,49338;0,7848306;0,0198447;20,7748286;44,0511286;1,8883214;96,238
7,2960657;0,0161023;0,0138096;15,4163143;7,2934614;0,1742177;0,209815;0,007223;5,5738571;8,0218214;95,2756284;4,8943843;6,7212;8,46361;0,076891;75,8053;0,0090681;0,2730371;0,194181;0,011902;0,225258;0,182261;0,001968;0,805349;0,0061082;0,381857;0,004767;50,3365714;55,0733857;50,8715714;49,5022143;52,0198286;24,1441333;2,39355;1,8134257;1802,05;57,90530252;9,5346643;0,6768429;0,0610714;0,015678344;1,1236871;0,0452554;4,6696929;8,9000493;0,5966584;22,8048143;0,6564381;0,7854283;3,0441414;64,0639;5,9389629;97,68155;1,044355;81,9198;6,19347;0,271906;0,153942;6,2900557;0,0452046;4,9671214;312,2262857;358,2048569;123,364;31,6448571;41,7845992;20,4255714;2,3050386;20,7176988;24,4213731;9,94431;10,4825;14,2759;0,0647425;1,7069614;4,12468;90,3688;0,601436;29,8307857;49,2952429;0,058916;97,5601;7,91231;62,2129;77,2603;0,284968;0,0930096;131,8689571;49,5092571;1,42569;0,655097;0,248227;0,052516;8,9280428;16,84034832;0,7829166;0,0207117;20,9497857;44,5607714;1,5151729;95,894
5,7376086;0,0119346;0,0100801;16,5440429;5,7362243;0,3787817;0,225739;0,029096;5,4587143;7,13227;95,875235;4,8024543;8,73636;10,98008;0,083084;76,112;0,0393752;0,2440871;0,14088;0,015016;0,231495;0,160028;0,006237919;0,917352;0,0069715;0,362753;0,005025;50,2891714;55,1012286;21,2739171;51,6097143;52,0160286;21,8476571;2,0304286;1,77582;1814,22;57,70930809;9,3308114;0,7674286;0,0518857;0,015208611;1,1703443;0,0456309;4,87692;8,5869468;0,596396;24,7776;0,6165129;0,7916423;3,0022571;78,0052714;5,3806229;87,11186;1,173715446;80,3392;8,07381;0,231486;0,123642;6,3352543;0,0442621;5,3779071;345,9308571;340,09;120,9905714;32,0767571;32,3164018;12,0969429;1,20989;13,9965998;15,0508195;10,5773;11,0252;7,35907;0,027422;1,6403329;2,67733;90,1984;0,249222;31,6135714;47,0246143;0,137227;96,4191;9,15591;56,3415;69,6147;0,274898;0,103606;87,0475571;44,3947143;1,57242;0,594604;0,238158;0,075566;9,757309;18,2920326;0,7764064;0,0237203;19,5244429;44,7882143;1,5614871;98,691
6,3878457;0,0116729;0,0126809;18,4725286;6,3869229;0,4331899;0,216074388;0,017949;5,4907143;7,2324014;94,8269856;4,8563643;8,54362;10,80674;0,082351;75,8919;0,0130994;0,2196555;0,1646977;0,018018;0,276388;0,217595;0,0024895;0,842114;0,0064035;0,361798;0,004781;50,2876286;55,1890143;53,1031857;52,5425714;51,9800571;24,1975333;2,5188543;1,8227814;1801,3;54,93829671;8,0005486;1,0797143;0,0537429;0,016399075;1,1893;0,0350984;4,7467757;12,9252426;0,5262676;17,6899429;0,6267151;0,7733446;3,5979629;110,9487143;5,0715357;97,3146;1,4473033;75,393;9,098075;0,298875;0,174025;6,3916443;0,0462824;5,4852829;328,6431429;389,5452857;120,8827143;32,4478571;35,5713542;13,5716143;1,3874629;15,8456264;16,7121598;9,97914;10,4474;9,66475;0,019828;3,6466129;3,5613;90,88;0,198114;31,7710286;44,6417286;0,111426;96,0843;8,95159;60,408;74,8396667;0,415344;0,0862429;62,9524143;43,4130286;1,89727;0,429335;0,193083;0,055656;10,7602214;1,5542;0,7783517;0,0286061;18,6781286;43,3462;2,86558;101,83
10,94742;0,0215691;0,0194468;15,6497714;10,9617614;0,209113;0,201;0,0121;5,4784286;7,1964943;95,7185089;4,9777429;8,53615;10,8236;0,1131575;74,9533;0,0160563;0,2194539;0,1742196;0,028182;0,227621;0,1963333;0,00615;0,924318;0,0070208;0,395463;0,0019;50,2209714;55,1841571;121,5944286;48,0812571;52,0202714;25,5175429;3,5877171;1,4178886;1758,02;53,70696875;8,3518586;0,7821714;0,0478;0,017915453;1,3340383;0,034962;4,725395;9,5437972;0,5416331;20,3611429;0,774945;0,7902729;3,5080686;77,5677143;4,8870443;96,3801833;0,35436;76,4896;8,06344;0,314063;0,175442;7,03341;0,0483226;5,1844371;280,8667234;364,1442857;120,8568;32,1982714;57,2693173;22,7210143;2,3064957;24,2626291;28,212106;10,7299;11,1572;9,39295;0,021641;2,6044186;4,08599;92,2205;0,069541;31,0548857;54,3094143;0,067274;97,1051;8,91717;65,5402;80,9759;0,260522;0,087107;89,4524429;65,1972714;1,480655;0,532712;0,216491;0,067603;9,6096084;10,0507415;0,779678;0,0289811;20,4156429;44,0777286;2,2198586;98,693
8,5526429;0,0287361;0,0270477;18,3005714;8,5538771;0,0722297;0,216187;0,007526;5,6217143;5,9991843;95,7623969;4,9552329;9,729625;12,218875;0,09384;75,5554;0,0457366;0,2359606;0,153304;0,0392333;0,2062667;0,235165;0,017305;0,949252;0,0072147;0,423484;0,002549;50,2283857;55,1516857;112,4948571;47,8243143;51,9735429;25,8723;3,2556414;1,5641314;1543;56,4895828;8,5026786;0,7934143;0,04656;0,016454054;1,3312314;0,0344603;4,701935;9,9086205;0,6553475;33,9012857;0,8219584;0,7945539;2,2747643;82,5791714;5,0889271;94,73752145;1,222454086;74,6572;9,23841;0,270484;0,145712;6,0948986;0,0485816;5,1988586;311,2066006;305,3818;122,2884711;31,7372857;46,6563447;14,1540571;1,4156743;16,7275237;18,8351752;9,1875;11,55514067;8,1894;0,031549;2,4169986;2,78853;90,8232;0,021608;30,7628;53,4088143;0,10789;97,23;7,5915;61,9454;76,9668;0,276042;0,0992313;97,7500571;55,9397286;0,9677987;0,379463;0,172662;0,088169;9,4938331;13,6186306;0,7771581;0,0231099;19,4446;45,5885429;2,1294686;96,126
9,4542943;0,0283803;0,026293;17,4888143;9,4540014;0,0487934;0,211618;0,008844;5,6015714;6,2826486;94,276448;4,8502371;10,152;12,76608;0,137346;72,7608;0,0141316;0,2111507;0,1510971;0,080097;0,216668;0,144186;0,004561291;1,067058;0,0081006;0,477069;0,006252;50,2584714;55,1319429;131,5185714;45,4189714;52,0000571;26,2551571;3,2273786;2,7377057;1786,46;56,08327331;9,02257;0,9215;0,0587429;0,0132667;1,3314614;0,035498;4,9945586;10,7373261;0,6061865;25,8949286;0,7796229;0,7868703;3,5224086;84,8404429;5,4259686;57,5184;1,0050795;73,1401;9,41481;0,300386;0,173358;5,8328586;0,0487164;5,3799157;206,935;365,4857616;122,2206586;30,4402857;51,790281;15,9979429;1,5999686;17,7228212;20,8568387;9,90693;10,4475;9,8371;0,0441;3,2914071;3,88658;91,8342;0,127967;30,0838571;51,7933429;0,127798;97,5148;7,62058;58,603;73,2646;0,38875;0,1003047;105,0952429;58,2373143;1,436285;0,33655;0,159375;0,0903333;9,8569659;11,91621833;0,7779146;0,0203541;20,6511429;45,7165;2,1903243;99,134
8,76698;0,0243864;0,0241307;20,0076857;8,7665914;0,0472376;0,203536;0,010057727;5,4248571;8,2585529;95,1732195;4,7957871;10,9134;13,70592;0,116231;71,3749;0,0181954;0,2135023;0,1412319;0,011466;0,221102;0,162347;0,00289;0,981282;0,007456;0,532875;0,004562;50,3321571;54,8995857;116,9380143;43,4904571;52,0330143;26,1935429;3,0430029;2,1383386;1807,14;58,4058701;9,13198;0,7447;0,0610143;0,014443196;1,1966786;0,0516;4,8089029;9,5427911;0,623998;30,8941286;0,7229689;0,7861309;2,8875757;68,4311714;5,2888114;102,22;1,461668;74,1892;7,53392;0,258257;0,149655;6,6608829;0,0462751;5,0157843;371,1727143;375,4558122;121,8690456;30,4938;47,1712478;14,9468143;1,4956443;16,7749362;19,3106696;9,80539;10,6309;11,4285;0,052001;3,4520829;3,77084;88,9034;0,149154103;29,6883714;49,2092857;0,1037;97,2441;7,58537;59,5734;74,4979;0,3716095;0,1399523;90,0476714;54,2380714;1,46056;0,408035;0,1809958;0,085506;10,3808978;14,80808627;0,7806536;0,0237327;21,8259714;45,9870857;2,5969543;96,187
8,5123957;0,02077;0,020016;20,3775143;8,5129571;0,0416151;0,189412;0,0087;5,0221429;7,8615686;94,0276957;4,7250743;11,987;14,98029;0,167759;71,5794;0,0131923;0,2136336;0,1650381;0,019916;0,218435;0,153289;0,001871;1,003733;0,0076254;0,463648;0,00391;50,3102571;50,7700429;121,3484286;42,7794286;52,0388429;25,7355;2,9753386;2,3637514;1804,93;58,41910089;9,8034529;0,7602429;0,0574571;0,013346712;1,06046;0,0517038;4,8477271;9,461004;0,6335737;28,1061857;0,6683409;0,784287;2,9202657;65,2867;5,0274357;93,1219;1,138022;76,9894;7,37833;0,232062;0,123691;5,6129629;0,0458606;5,0148814;373,8482857;376,3760616;121,5473364;30,2845429;45,6024426;14,7331;1,4735857;17,7379486;19,8123097;9,38448;9,88749;11,9884;0,052592;3,1902814;5,02099;87,4379;0,018226;29,5304857;53,9108714;0,106347;97,733;6,77843;60,38050431;75,30408192;0,325733;0,0949667;82,1904857;57,9733;1,3375;0,414831;0,196778;0,086896;9,8574427;14,02037035;0,7850176;0,027544;20,2419429;45,0306143;3,4695543;98,659
8,4998857;0,0201396;0,019855;19,4913857;8,4996271;0,0483173;0,192649;0,009048;5,5684286;8,4657157;93,6801731;4,6699014;11,5471;14,54262;0,240658;68,8484;0,0161361;0,2387253;0,2078903;0,01115;0,231183;0,192328;0,002254;0,893878;0,0067896;0,483573;0,004403;50,3080571;50,2202;166,6924286;42,3359143;52,0301143;26,0723;2,9753243;2,1919286;1795,09;58,29942388;9,30635;0,7254857;0,0571143;0,013365069;1,0515996;0,0440626;4,7517814;9,2584954;0,6178224;27,2572857;0,6649616;0,8068353;2,6758986;66,1486;5,4038243;99,6859714;1,3702596;76,2453;6,96455;0,257438;0,134378;5,9467143;0,0464896;4,7942629;372,3538571;371,7359744;123,173;31,4812;45,8895181;14,6956286;1,48112;16,4608521;18,5460617;9,63299;10,101;11,0033;0,028388;3,0135471;5,392725;85,2454;0,125036;29,6390571;52,8981857;0,104198;94,8009;6,91405;60,16068014;74,99116145;0,35614;0,1332479;65,2857429;55,3286286;1,48972;0,437676;0,194795;0,130451;9,7899999;14,39982181;0,7891746;0,0304353;23,4527286;45,6534714;4,83495;99,289
8,4776071;0,0183743;0,014296;19,1098857;8,4750514;0,9572459;0,240046;0,007672;5,6247143;9,7071429;93,7902153;4,33549;14,0695;17,80946;0,25913;68,3531;0,0169119;0,2445464;0,1747741;0,016751;0,233468;0,236665;0,00186;0,716378;0,0054437;0,479311;0,003101;50,7410571;50,1984;169,3691429;39,4217571;52,9171571;26,6171571;2,9422543;2,1283129;1798,64;57,82872606;9,74862;0,7520857;0,0594286;0,013398558;1,0873629;0,0429837;4,7089271;7,9427491;0,6128097;27,2612714;0,6881653;0,8162305;2,6320943;69,4538571;5,7239886;96,4441;1,7073661;75,5989;4,1565;0,229412;0,110959;6,3380229;0,0464039;4,8903243;342,5231429;351,4485;123,1907143;32,0051571;45,1440075;15,6333714;1,5633943;17,7877154;19,804452;10,4635;11,6408;11,611;0,029975;2,8579657;5,07267;86,3985;0,069057;30,6999429;54,7004857;0,119206;96,5576;8,91851;60,52019139;75,46323618;0,316319;0,1361;84,5238143;57,0141143;1,56067;0,397697;0,177866;0,078086;8,7637604;12,7748887;0,7810813;0,0273839;21,4227857;45,4016714;5,3176214;99,699
6,1741556;0,0162987;0,0198247;21,7510571;6,1750923;0,1546226;0,207958;0,0082657;5,5722857;7,87865;94,197682;4,3589543;13,778;17,45363;0,176715;68,4554;0,0138929;0,2556179;0,2233276;0,019314;0,260167;0,157745;0,002819;0,755275;0,0057375;0,468362;0,00145;50,3359;48,6041;172,9082167;39,5614;50,0315143;25,1838;2,1797309;2,1251943;1633,01;57,4829583;9,7927843;0,7305143;0,0668;0,012329918;1,1381388;0,0320973;4,5022057;7,7898329;0,6346113;28,0364429;0,6498388;0,7735937;2,6521529;66,1536;5,43897;94,7829571;2,84518;81,9405;5,66799;0,23143;0,11629;6,49835;0,0444351;3,8603433;315,853;349,3501429;123,5434286;31,9972857;36,3981171;12,7763289;1,3377936;14,3249166;15,871261;9,20075;10,1891;12,7933;0,038134;2,8077186;7,20078;84,2798;0,083895;31,1232857;54,8033;0,093071;97,2259;9,42687;56,6622;73,1373;0,433306;0,0838929;70,7619286;47,2327143;1,60009;0,327762;0,149478;0,156482;9,6975703;5,0208229;0,771845;0,0225433;21,2630571;46,4574429;1,4346057;103,43
9,1405229;0,0285036;0,034235;21,5770571;9,1403957;0,0206814;0,210594;0,008314;5,5587143;6,3843743;93,9779411;4,4108486;12,4868;15,88455;0,185354;69,8413;0,0270397;0,206522;0,122498;0,01691;0,253992;0,236203;0,005172;0,685049;0,0052072;0,378386;0,004567;49,8651857;48,4158714;216,8588571;36,2939;50,0140857;26,6889857;3,1591243;2,1194443;1710,9;56,7562262;9,9381;0,7712857;0,0577286;0,011657254;1,2877157;0,0278274;4,096404;8,4287828;0,6328901;24,9210167;0,8624771;0,7699996;2,9681467;69,0625286;5,6037633;89,88018115;1,218811348;77,4237;5,03477;0,213375;0,105188;6,5560957;0,052141;5,3072414;356,47468;340,9825714;122,4204;31,8916571;53,4264571;18,1064429;1,9707714;20,2181529;23,0783174;10,6259;11,5925;13,3803;0,052497506;2,8082414;7,55396;83,0643;0,105859;31,1309714;60,6196;0,214242;95,9101;8,22311466;58,2013;73,6308;0,641648;0,0945398;89,53342;62,1645429;1,67086;0,38839;0,175569;0,088435;9,1804317;15,4408;0,7789666;0,030588;20,8501857;45,4071;1,62289;104,95
8,43884;0,0342154;0,0239978;21,6029429;8,4400029;0,0540917;0,193813;0,004965;5,6457143;6,64231;94,7236647;4,3900143;12,1268;15,40926;0,178929;71,7952;0,0142646;0,1905169;0,0978503;0,038114;0,225194;0,125184;0,002053;0,582233;0,0044132;0,350181;0,004764;49,8632714;50,3059;186,9367143;40,0909143;49,9774429;26,9744429;2,9403457;1,7521418;1714,89;56,82143616;11,04276;0,8004;0,06054;0,012187671;1,1456743;0,0360945;4,0690571;9,4196486;0,6303758;28,8835429;0,6683314;0,7603046;3,0199583;77,5480833;5,4668643;81,752;1,4959398;80,3051;4,79444;0,251617;0,125929;6,5915843;0,0486211;5,01055;353,765046;426,3634;125,413;30,7041429;48,7531677;16,6345714;1,82555;18,4135928;21,209719;10,9827;12,1706;11,8548;0,056611231;3,09234;8,02396;84,1776;0,02713;30,6053714;58,1068;0,001631;96,6931;8,68257;55,7157;71,3922;0,276618689;0,0937524;82,7143143;61,9424714;1,6156;0,325086;0,156069;0,125969;9,6167457;2,594846;0,7830097;0,0148291;15,6566571;47,9482714;1,7370443;103,51
8,4005214;0,0216943;0,017415;25,7515286;8,3997829;0,3254883;0,168891;0,008711;5,581;4,37846;95,0199589;4,4429186;12,9219;16,29406;0,195243;70,3638;0,0089153;0,1905027;0,0746579;0,017828;0,18575;0,105836;0,001159;0,563778;0,0042706;0,36331;0,004127;49,8955143;50,1961857;161,2694286;39,1836429;49,9630714;26,3876429;3,0077871;2,2853129;1721,36;58,25825702;11,1046714;0,8059714;0,0587071;0,010940177;1,0588329;0,0405353;4,2946429;9,1763639;0,6249773;27,2548286;0,6596209;0,7627043;2,9363329;74,0428571;5,3005543;84,61484;1,58523;81,1407;7,01585;0,067913;0,030291;11,0010867;0,0484132;5,1141786;373,8605606;537,0908571;124,3078571;31,0143286;47,8125173;16,9762429;1,7469186;19,1150075;21,4214935;10,8914;11,4425;13,1384;0,058117438;3,25184;4,32458;83,3256;0,039318404;33,4443429;56,8297;0,001716;97,3239;8,26322;57,2448;73,2865;0,402499;0,0881169;58,9524143;61,6672;1,80032;0,484249;0,203902;0,140845;8,7583321;10,21571672;0,7794324;0,0191631;14,8601286;47,9676286;1,8409929;103,18
8,0988786;0,0151573;0,0159421;23,1124286;8,0974343;0,2562864;0,196316;0,007823;5,6994286;4,7085286;95,7543183;4,3526043;12,1157;15,33251;0,119611275;72,4654;0,0046224;0,2578144;0,1093736;0,010084;0,175788;0,112498;0,003041;0,858418;0,0065083;0,336944;0,005122;49,9470286;48,2093429;133,7061571;39,0619429;49,9680143;26,3672714;2,4351014;2,1099029;1718,81;59,37163241;10,9180286;0,7554;0,0625;0,01017324;1,0877786;0,034807;4,3726014;9,4528543;0,6244934;25,5562429;0,6176794;0,7717363;2,7295686;68,7020857;6,3377671;93,53724;2,2838586;73,9974;6,37523;0,226028;0,113566;8,6245429;0,0466333;4,9682229;385,9017305;480,9832857;124,5995714;30,1055571;45,236293;16,4698286;1,6948943;17,0575153;20,4691152;11,47485;12,71455;14,6998;0,029802;3,3280086;2,98565;89,176;0,049960941;31,8289;60,8056714;0,116374;98,5117;8,17817;58,80794226;73,45547052;0,302356;0,100762;58,9524143;55,3704429;1,76071;0,399246;0,206146;0,047195;9,1100565;12,21423394;0,7684775;0,0246646;18,2448571;46,9258571;1,8421943;102,99
6,83624;0,0154281;0,0115867;21,4654714;6,8363029;0,0608931;0,217168;0,016122;5,4657143;4,4469714;96,0675087;4,4861786;13,355;16,83272;0,246701;74,8283;0,0093651;0,2097856;0,1110294;0,011472;0,255441;0,126697;0,001883;1,305119;0,00991;0,300565;0,023203;49,9150429;48,2239714;142,9409286;43,5624571;49,9837;25,5819;2,8286814;2,0951971;1726,51;61,30281794;10,9162286;0,7471571;0,0716286;0,010092702;1,2234343;0,020217913;4,3125314;8,2242258;0,6324668;27,6350857;0,6137544;0,7806444;2,8025557;71,2144286;6,7687371;96,0317571;1,7057225;77,5095;5,14026;0,214727;0,108258;9,2624643;0,045854;4,2226029;398,7815449;454,3745714;121,9304286;30,6149571;40,481825;13,90797;1,4419784;16,963188;17,3077625;10,1881;10,7805;15,93305;0,06252731;3,1509214;3,01774;94,0494;0,068963082;31,1513;56,7150143;0,07688;96,5029;7,83251;59,1961;74,914;0,320062;0,1047333;52,5714;54,4489286;1,43932;0,768479;0,302505;0,0452;9,8255689;15,55882036;0,7762984;0,0198568;18,2016143;49,2432429;2,4778943;99,326
9,19595;0,029645;0,0226944;21,5506571;9,1967414;0,5482451;0,178157;0,004611;5,5257143;4,2234443;96,1311984;4,9742586;11,3335;14,34389;0,131515247;74,77155;0,0102083;0,1856393;0,10836;0,011291;0,202172;0,147392;0,01956;1,050711;0,0080086;0,291315;0,030587;49,9251857;48,4594429;227,0562857;39,5263429;49,9932286;27,0502714;3,2063814;2,01081;1730,84;59,9384766;11,0986143;0,7744286;0,0717714;0,010423976;1,1332614;0,024583391;3,9812629;8,680384;0,6268344;20,9101;0,7479019;0,7894173;3,2089443;61,495;5,5723386;78,7717;1,7974124;79,9759;4,13339;0,056156;0,024284;9,0727433;0,0508006;5,2903314;390,1721693;348,8041429;110,2436667;30,3013714;55,9867217;18,5194429;1,9317329;20,9728867;23,3718895;10,8826;12,1366;12,9161;0,031382;3,2353243;3,53884;94,6742;0,033221572;30,4566143;58,9629714;0,062987;95,9867;7,812225672;63,7925;78,7647;0,322167;0,0828859;87,5714857;65,2724571;1,56624;0,466568;0,221112;0,214552;10,4398656;12,1867892;0,7797983;0,0255221;17,3186571;47,8394714;2,88077;100,44
8,3083043;0,0165853;0,0577152;19,6699857;8,3053914;0,12892;0,196577;0,004343;5,4792857;4,4732871;95,5466129;4,9504086;10,7544;13,52704;0,070855;71,5112;0,0087822;0,229289;0,125718;0,02541791;0,221509;0,137739;0,005273;1,157492;0,0087813;0,360501;0,006487;49,9682714;49,2575714;163,3212286;38,7173143;50,0297429;26,74605;2,6711514;1,7319457;1722,19;58,97647098;10,6332914;0,8555714;0,0650143;0,010771119;1,0701929;0,0253165;3,7102686;10,9899536;0,6221047;29,5173286;0,6183683;0,8081435;2,7532971;69,4167714;6,5937157;85,49196;0,632069;82,783;4,73243;0,139566;0,067939;15,5750514;0,0440039;4,8775243;378,6892169;242,267;121,6004192;30,4681714;49,390033;15,8694029;1,6552657;16,2419289;20,3748766;10,7771;11,6677;10,6614;0,057912586;3,1811643;3,24267;93,8677;0,054834856;30,9528429;57,8588;0,042573;98,4797;9,00452;59,6529;73,2021;0,288032885;0,0979963;79,4762143;55,4544143;1,55182;0,4771;0,2292;0,219305;11,7091403;11,84576338;0,7831481;0,0166606;21,2729857;47,8956429;2,3677814;102,58
8,4903986;0,020015;0,0194756;24,5028143;8,4910214;0,0707963;0,188379;0,004239;5,2931429;5,4926486;95,6737574;5,21838;10,146395;12,851355;0,071173;74,976;0,0131696;0,1867424;0,1256326;0,011954;0,1995;0,146358;0,002729;1,055115;0,0080098;0,689214;0,016145;50,1118286;48,9629;238,1802857;41,8104571;50,0510714;27,02745;3,1182071;2,3214343;1726,93;59,41611127;10,3545929;0,8887143;0,0713143;0,010109868;1,0359184;0,0158718;4,1628443;10,8139247;0,6234336;28,9969857;0,7014616;0,7867087;2,57523;69,1895286;6,2014157;100,2684667;0,8028131;81,889;4,87737;0,14848;0,069545;9,46377;0,0487117;4,6051;439,7633333;390,260636;121,2774835;30,6995571;45,4646949;15,2237486;1,5639006;18,1368849;20,2019099;9,66473;9,98973;10,1695;0,056856689;5,4775914;3,12684;90,8118;0,04825777;30,1186429;57,6598571;0,133416;98,338;10,0921;61,8804;76,3988;0,53013;0,0980261;160,7619857;61,5929429;1,21392;1,172;0,407371;0,210512;10,5287631;12,20469674;0,7762944;0,0183433;20,5309286;48,1569;2,6151486;103,23
8,2805029;0,014458;0,0129473;23,0946;8,28076;0,3656844;0,185596;0,008313;5,4614286;4,9679086;95,6319569;4,6551386;11,8965;15,10024;0,068427;70,0685;0,0111999;0,1873036;0,1469173;0,01399;0,191446;0,131094;0,001886;0,994899;0,0075455;0,600545;0,002162;50,2035429;49,5869286;166,7342857;39,1597571;49,9604;27,3693429;2,7885686;2,1221886;1726,92;58,53144531;10,0979714;0,8704857;0,0672429;0,011256902;0,9891639;0,018472;4,7763686;9,6895381;0,6073858;26,0786143;0,627069;0,7964566;2,9034357;68,1289286;5,4619143;101,90585;0,247483;82,767;4,94139;0,140117;0,072163;8,7966357;0,0454431;4,4333914;424,0821429;382,1010393;121,2790949;30,8858286;43,6322506;15,9219714;1,5925186;17,3704997;19,2565896;9,491;9,93733;11,2893;0,053653;5,7595629;2,76477;93,72;0,076761211;31,4073857;57,2954;0,125383;98,3349;7,0429;61,1027;75,7008;0,277219;0,0926666;73,1428714;51,9554;1,33322;0,931806;0,349537;0,035437;11,1047842;12,17238737;0,7712566;0,017065;21,3848;47,6978857;3,0954;102,8
7,3124014;0,0229474;0,0224459;23,7736;7,3088429;0,2883089;0,183194;0,013329;5,592;3,9018;95,7409009;4,8046643;12,0728;15,26608;0,060763;71,3862;0,01179;0,2090779;0,1161004;0,010982;0,197734;0,163716;0,002304;0,923275;0,0070089;0,620463;0,00266;50,1373714;48,5838;125,5942857;41,1118857;50,0135429;26,4200286;2,5531214;2,1007829;1722,26;58,5285867;9,7343357;0,7587571;0,0604;0,012330483;1,0111374;0,033448747;4,89732;7,6925551;0,608824;26,8674857;0,590345;0,7895693;2,5844443;69,1245143;5,45189;92,90739003;0,3795215;82,9126;5,04048;0,140215;0,070069;12,7562829;0,0447713;4,7057886;354,5102857;381,0241217;121,5731272;30,7092571;39,1393943;13,5952714;1,35967;15,0199411;17,5211993;8,93273;9,50914;11,9201;0,0574;2,40417;3,07033;93,4814;0,09833197;30,6984286;56,7020571;0,039171;98,3371;7,25733;66,1606;82,6618;0,160386;0,0937571;70,2381286;46,8612857;1,32271;0,668667;0,270134;0,04191;12,1954971;12,98806429;0,7724179;0,0179061;19,3611429;47,0102286;3,5930157;100,46
7,1561243;0,0311926;0,019717;24,0441143;7,1624429;0,0134076;0,172038;0,00713;5,5011429;3,7867114;96,3339199;4,6933229;12,0988;15,3112;0,070573;70,3411;0,0085959;0,198154;0,1182809;0,014279;0,19059;0,118253;0,001332;1,001405;0,0075966;0,600786;0,00298;50,1796571;48,2484714;171,8957143;42,5439857;49,9997857;27,1383;2,4575071;2,0702986;1719,3;58,64590362;9,7165486;0,7407571;0,0573714;0,012069882;1,0770617;0,0236654;4,57029;6,8661776;0,5868971;24,0702714;0,612056;0,7955677;2,6877786;64,5187;5,6353957;95,4375;0,9089764;82,8218;5,25387;0,108846;0,052735;10,4250829;0,044731;4,5149743;369,3321429;381,4345551;121,4685613;32,2099286;38,2962683;13,6340286;1,3640114;14,964255;17,4807315;9,67193;10,0178;9,52826;0,017824;2,8257129;2,99853;92,4136;0,037588;31,5706571;55,7094286;0,042717;98,349;7,18696;60,9387;74,6515;0,151016;0,092819;79,6666714;49,6953;1,44565;0,56026;0,28213;0,035634;12,4194958;13,01310884;0,7723103;0,0196921;21,3265571;45,9431714;4,7329243;100,93
7,2654071;0,0234373;0,023199;22,8362714;7,2659014;0,1273107;0,166562;0,00606;5,5222;4,2536671;96,7107103;4,6271886;11,5807;14,70162;0,062215;71,568;0,0080953;0,1890528;0,102919;0,008192;0,195306;0,109297;0,005477022;1,072637;0,0081418;0,524004;0,007459;52,3926143;48,3507143;109,2252429;41,4171;49,9564143;25,9699;2,5549714;1,8308929;1709,12;58,30425643;9,7945914;0,7429429;0,0609857;0,012620635;1,015875;0,0244344;4,6115371;7,4631031;0,5776027;23,1417857;0,6125033;0,7898029;2,7706086;70,1987857;5,44128;102,7055714;1,5951871;82,5537;5,24425;0,152524;0,075766;10,0647957;0,045187;4,7294814;350,3381429;380,4307281;121,7146247;31,3974571;39,7133954;12,8450714;1,2842929;14,4033;17,0052403;10,2466;10,65;11,4265;0,04004;2,1817143;3,88374;92,5386;0,101065742;31,7395143;55,1570857;0,035855;98,5033;7,72433;62,8426;77,7959;0,139549;0,0925;71,9405;52,8426714;0,96325;0,364962;0,183528;0,068327;8,8396248;12,78317719;0,7698081;0,0170204;19,9642714;47,1863;3,2592186;100,28
7,6521114;0,0294031;0,0262373;22,8787714;7,6521671;0,2311431;0,199526717;0,005372;5,2415714;4,20345;96,6248277;4,6881229;12,1517;15,42511;0,06235;70,72165;0,0087823;0,1948633;0,1236154;0,008567;0,182374;0,157168;0,002688;0,874337;0,006641;0,523999;0,005108;54,9198857;48,9428857;120,9099;43,4893143;50,0593;25,8023571;2,8312886;1,7746833;1703,38;57,73984792;9,3707957;0,772;0,0667286;0,013043413;1,005994;0,0217548;4,5257871;8,1328329;0,5841064;23,3592286;0,6175666;0,7976616;2,9943771;71,4125714;6,2761357;101,4972857;1,8793875;82,6008;6,81741;0,200916;0,106267;10,5741429;0,0476017;4,9288343;352,8588571;380,3150624;122,0892203;31,4878714;40,9739088;13,4791857;1,3691757;15,3484245;17,7196845;9,67656;10,0858;13,0896;0,034176;1,6090971;3,85782;97,696;0,098508956;31,3203857;55,5945286;0,034224;97,8941;7,49151;64,7115;80,521;0,153718;0,0985239;71,3333571;51,5771429;1,40788;0,374122;0,195614;0,02769;10,1793614;10,424435;0,7729191;0,0189527;18,9213143;46,7413857;3,4891871;100,39
9,1588343;0,0409487;0,0232564;22,7242143;9,1577843;0,7063367;0,188025;0,003445;5,5517143;4,57207;96,3210021;4,8216271;10,9482;13,87552;0,0603975;69,3528;0,013215;0,1925686;0,1452838;0,012734;0,217712;0,103409;0,003627457;0,970262;0,007361;0,536233;0,005681666;52,9879429;48,2538429;153,3474286;42,0075143;50,0182143;26,2004714;3,2497771;1,635922;1701,4;56,341193;9,5516343;0,7344629;0,0592286;0,013564052;1,10348;0,0254906;4,47939;7,8043408;0,5757009;24,2051857;0,7243933;0,7982666;2,6920914;69,2668286;5,2717471;84,0747;1,0394593;78,2092;4,53327;0,083263;0,038072;10,2089271;0,0513014;5,4185571;319,323;380,2067599;124,413;31,4888571;48,8830872;15,6981857;1,9252757;18,0020829;21,0754686;12,319438;12,98997518;10,4828;0,085209;1,5293857;3,26209;90,3802;0,082622382;31,0531571;54,9024857;0,037285;97,939;8,11227;60,0379;73,9899;0,14767;0,0872239;82,3333429;59,8728286;1,496130855;0,422821;0,195264;0,036976;9,4756952;9,321173092;0,7750384;0,0209374;17,972;45,9579571;3,9653757;101,6
8,56806;0,0229327;0,0224216;20,2865857;8,5726371;0,1285287;0,178854;0,004798;5,5541429;4,3683143;96,7692419;4,9107943;11,49085;14,54169;0,052105;71,5566;0,0240626;0,2054866;0,164845;0,012411;0,167529;0,153197;0,005316;1,12284;0,0085394;0,602961;0,002613;52,5193;48,2473429;152,6080429;40,3865857;50,0521;26,2296167;2,9608986;1,9136729;1698,38;55,04942;9,4964286;0,7404286;0,0598;0,013468249;1,0581501;0,0249904;4,4633583;7,4397274;0,6028413;28,0453857;0,6648884;0,7959053;2,6549957;68,7271286;6,8384643;102,9978571;1,2726428;84,6788;5,93025;0,16942;0,086134;9,9800429;0,043809;4,7096143;319,7131429;546,458;125,6038571;31,6894714;46,4999314;15,3514714;2,1651071;17,8892146;20,5549296;11,7941;12,42065;12,0584986;0,061990652;1,5310643;2,99106;92,6749;0,077413898;30,6383857;52,4058143;0,032899;98,2465;8,04735;62,3792;76,93;0,154108;0,1143951;79,3333;55,6346571;1,28316;0,290782;0,141607;0,078042909;10,0749223;9,945862205;0,7751487;0,0192559;19,1447143;46,0205;4,1739814;100,41
10,82479;0,03078;0,0258363;20,8831714;10,82639;0,4183247;0,188496;0,004541;5,3237143;4,47507;96,4387423;4,7902043;13,1873;16,69546;0,056641;68,16;0,0410293;0,2086587;0,1378813;0,027343;0,197247;0,175474;0,011104;1,264797;0,0096144;0,463115;0,004217;52,0790714;48,2589143;240,4964286;41,2757286;50,0251571;24,1679429;4,0547686;2,2900186;1702,69;56,1656714;9,825175;0,7510857;0,0763857;0,013772889;0,9700384;0,0242414;4,5235257;7,8444178;0,6337183;29,0196429;0,8147681;0,7809569;2,86459;67,3695714;6,3592386;96,4933;1,278660082;79,1114;5,70819;0,203094;0,103272;8,9969343;0,0503349;5,4912986;304,528;558,6072857;123,7035714;32,0471857;59,0222024;20,4358571;3,3164371;24,4568287;28,2612087;12,0765;12,2233;11,51085;0,0450635;1,7468443;5,29628;93,0384;0,049797289;31,1833857;56,5855429;0,047824;97,0251;6,96338;55,5249;68,6957;0,25196;0,1079427;102,5713857;72,9316857;1,3952;0,396406;0,199902;0,053818;9,3631714;8,77099676;0,7793429;0,0224539;17,9888714;45,3929429;4,6722029;98,516
10,73884;0,037529;0,0317596;20,6138571;10,7394329;0,4217376;0,203462;0,006702514;5,5034286;5,731972;95,977513;4,6972014;10,7938;13,71235;0,054033;71,5907;0,0280759;0,2241311;0,2034723;0,041175;0,190495;0,115362;0,007888;1,124806;0,0085548;0,609138;0,005917;52,2411857;48,4533714;222,2724286;39,2098;50,0709429;25,8030857;3,7874171;2,1312543;1708,9;55,5703857;10,18679;0,7815714;0,0726429;0,013165915;1,1543529;0,0324508;4,6604043;8,3315059;0,6437548;32,1881143;0,8538407;0,7874977;2,3792571;66,4041571;7,0215029;88,6272;1,0036291;79,5487;5,93218;0,170318;0,081241;8,94735;0,0475984;5,3048457;364,0240832;454,3808571;126,4774286;32,2706286;57,6419507;18,0429429;2,8871614;21,2848012;24,9039964;13,4724;14,0018;11,4418;0,033595;1,9754971;6,79885;85,2;0,024005;31,2253714;54,2905;0,062608;96,42915;9,05581;58,4744;71,2182;0,161525;0,1193427;86,6190714;68,1964857;1,3671;0,471875061;0,222080135;0,077232;9,906872;11,89073071;0,7860643;0,0209816;19,2213143;45,5472;4,7724443;95,79
11,7646286;0,0447183;0,0342439;21,8823857;11,7610286;0,2221859;0,183335;0,004393;5,4245714;5,2029129;96,7435743;4,7885029;12,7808;16,24631;0,072323;68,8643;0,1532359;0,1920471;0,156671;0,022586;0,221429;0,241122;0,038137;0,869989;0,0066178;0,742944;0,005177;52,8475286;50,1075286;243,77;39,1555;53,4013857;25,6861857;3,9569114;2,7042557;1704,21;63,0530286;9,9033914;0,8538571;0,0788143;0,013380367;1,3136243;0,0313226;4,6376943;7,2670249;0,6648126;34,1360857;1,0718277;0,7857776;2,7195;70,2034714;5,91998;103,3282857;1,5578857;76,9618;6,1368;0,164099;0,080757;11,0068671;0,0504323;5,5274543;388,4332008;472,8151429;126,242;32,2932286;62,4874064;19,2854714;3,1247657;22,1338931;27,0929664;14,005;14,5902;11,0436;0,045455;2,0936471;8,95125;82,7235;0,047200928;31,6896714;55,1412857;0,034131;98,07095;6,4131;61,2392;76,0926;0,192684;0,0934859;145,0477143;72,1920857;1,27727;0,36522;0,211618;0,039405;10,9258103;15,69436112;0,7908006;0,0138312;16,9493714;45,9012429;4,4918329;87,215
10,7811186;0,040742;0,0308786;23,0598;10,78216;0,5240151;0,189297;0,004919;5,482;4,9305757;96,3962793;4,66714;8,57368;11,03368;0,063007;63,0707;0,0372823;0,2361329;0,1564657;0,071234;0,209305;0,167417;0,016055;0,963779;0,0073249;0,734186;0,005739;52,8826429;48,9032;231,8085714;39,8358;50,1019857;25,7804143;3,8511414;2,6848;1707,41;61,1145;10,6992857;0,7811714;0,0662;0,012877167;1,2851886;0,0324457;4,5960814;8,2776611;0,6586144;37,3575;0,9227293;0,7924007;2,9513043;64,9868714;5,71042;103,5771429;1,5463143;76,8288;5,4937;0,086529;0,038129;8,9961286;0,0483007;5,1516257;385,9477729;414,2478571;126,7565;32,1364571;57,8021189;17,6633571;3,17985;21,1762986;24,5618074;13,9709;14,5199;12,4604;0,022203;2,51408;7,39591;84,7797;0,045780754;31,2916286;56,0757571;0,066919;97,4529;8,08318;60,3585;75,0409;0,147498;0,1081287;113,7618714;73,3084429;1,24139;0,538998;0,30818;0,03736;10,4838596;18,9466917;0,7905973;0,0153499;18,7866286;45,7991714;4,4615057;90,37
9,5333529;0,024994;0,0259993;21,5122286;9,5315057;0,1670171;0,20976;0,00382;5,5352857;5,1228783;95,9256707;4,7158971;11,1125;14,17022;0,061224;66,456;0,0187203;0,205449;0,163499;0,036601;0,219408;0,188225;0,007588;0,80024;0,0060774;0,640822;0,00299;51,9097714;50,5954143;166,4078571;39,0250429;50,0399429;25,9922429;3,3649129;2,9412171;1705,22;63,3624143;10,3867129;0,7592143;0,0672;0,0146817;1,2282114;0,03968;4,7551614;8,638413;0,6508977;34,4726143;0,8212634;0,7874464;3,1265443;60,1845714;5,49872;103,0004286;1,4523467;79,4189;5,61606;0,180397;0,092903;10,2457314;0,043694;4,6028429;379,166721;390,83675;123,4700205;32,1232286;51,6964809;15,9313429;2,8679457;18,8554866;21,93352;14,8791;15,4541;12,8182;0,028252;2,27119;3,85422;80,5538;0,009495;31,4527;54,0573429;0,0789265;98,4397;8,58967;66,2869;82,2595;0,278826;0,1024331;120,7618714;61,4036429;1,43722;0,478532;0,239472;0,041978;10,3929388;21,544244;0,7972326;0,0145102;22,0208429;47,5298143;4,0867371;92,139
11,2918857;0,0306559;0,02904;22,4136857;11,2935571;1,4079281;0,179774;0,005585;5,4437143;5,6683029;95,8609921;4,6551229;11,4846;14,58804;0,067585;69,3642;0,0536393;0,2014326;0,1341756;0,019185;0,231268;0,158556;0,010306;1,19253;0,0090657;0,452852;0,002744;50,0965;48,6001;253,0061429;40,5606429;49,6014571;25,1466429;4,0369986;2,6497143;1700,61;61,8158857;10,0819057;0,7244857;0,0661143;0,014401;1,2519471;0,0553796;4,5521357;8,3238526;0,6653018;31,5070857;1,0207609;0,781387;2,9596929;61,9051429;5,4625386;91,97282;1,334611356;77,8999;5,21106;0,162117;0,087237;9,3904757;0,0495837;5,3024414;416,714;409,7063995;124,3988649;32,8093286;61,1537962;18,3485571;3,3031757;22,1239049;25,5170691;15,3595;15,8739;12,0107;0,01512;2,3595;4,2107;88,8352;0,019541;31,6636429;57,8890857;0,0574495;97,0926;7,16086;62,15901066;87,26751;0,212264;0,0995523;112,1905286;77,2328286;1,39595;0,38475;0,196269;0,048704;9,9473056;15,5261933;0,7889919;0,0156199;17,3441429;46,2366143;4,5274986;93,458
10,4472814;0,0286811;0,0249504;21,4843714;10,4495786;0,4892314;0,18781;0,006381;5,5767143;5,0905986;95,9733906;4,8263829;10,3211;13,11092;0,054482;66,0925;0,0490374;0,2198761;0,1227713;0,054042;0,193026;0,100755;0,005379;1,221403;0,0092878;0,401554;0,002912;49,5033714;48,7010429;224,4347143;38,8074571;50,915;24,9188333;3,7470529;2,3881386;1690,25;58,5672857;10,7207286;0,7762857;0,0644;0,0130105;1,2144386;0,0561917;4,45712;8,6409512;0,661063;34,7999571;0,8629226;0,7853101;2,92148;61,5664143;5,4899614;91,61105376;1,300575811;80,1737;6,83247;0,101246;0,049842;10,8087943;0,0510737;5,1166129;426,8892857;405,2426659;124,5482945;32,6884714;56,6059244;17,2092857;2,9263929;20,1658861;23,708584;15,0609;15,654;12,1112;0,038651;2,2273114;11,8478;88,2445;0,023440525;31,9784286;56,3299429;0,059149;96,905;7,94766;64,8029;79,9651;0,152317;0,1035071;103,1429571;72,2003571;1,48586;0,734881;0,319307;0,04189;9,1748832;0,535648;0,7774277;0,012357;20,7641286;46,8524429;3,9017929;98,06
9,2629529;0,0258547;0,0232206;20,8055143;9,2643157;0,0880496;0,2161;0,005798;5,4741429;4,8330729;95,6878511;4,8474971;9,4308;11,98021;0,061265;68,569;0,0883745;0,2295504;0,1731456;0,020998;0,249029;0,1385495;0,0019215;1,302654;0,0099071;0,354992;0,011199;54,6213857;50,5993571;123,7608857;37,1673714;55,5405286;24,1492571;3,0964329;2,70169;1696,59;63,6455714;10,6352714;0,7734286;0,0672;0,012453;1,1314114;0,0453651;4,4983857;8,2469571;0,6392879;33,5728;0,7302813;0,7958701;3,1358943;61,4380857;5,7122943;93,06678552;0,969857;76,3855;7,359;0,133398;0,070697;11,7726157;0,044342;4,1035314;366,411;399,0540129;123,3474289;31,9599857;50,4372857;15,37286;2,7557686;17,7197975;21,197479;15,0993;15,7096;10,4151;0,053995;2,2507214;3,98499;82,2464;0,030527;31,6462143;54,1273143;0,035389;97,7838147;3,43734;55,3458;68,4866;0,213643;0,1096643;117,4999571;60,3106143;1,67481;0,604378;0,238858;0,051714;8,6168849;19,8438;0,778171;0,017187;18,8265143;47,2301286;4,4634157;97,105
10,9878171;0,0265189;0,0225101;21,3444286;10,9881443;1,4522733;0,167759;0,005082;5,5195714;5,10911;95,9831943;4,8692686;12,0017;15,26678;0,078469;65,32;0,0490883;0,1822157;0,1675803;0,005355;0,2317105;0,178987;0,005922;1,37151;0,0104344;0,69821;0,00353;55,233;48,7754714;187,8915714;41,5320286;55,7385286;25,4425714;3,9657871;2,4758886;1699,65;61,1469857;10,2367686;0,7782857;0,0725143;0,010217;1,2120057;0,0430671;4,6646943;8,6591677;0,6652178;29,5053;0,8853484;0,7823557;2,7109;62,6018286;6,7172;94,3206;1,2635205;76,8173;5,56497;0,113611;0,062717;9,912125;0,0461084;4,6350229;389,8091429;406,0275645;124,56348;31,2544143;58,972809;18,0137429;3,2429214;21,6598298;24,873721;14,4919;15,0773;9,37223;0,268567;2,6341257;3,16448;89,3123;0,035855247;31,2246286;54,1007286;0,084026;97,0395;7,5561;55,7095;68,9011;0,079052;0,120656;91,6190571;72,6581571;1,12756;0,395754;0,203233;0,049299;8,5686855;9,61635902;0,7828667;0,013678;16,2176286;45,8602;4,5126614;96,033
10,0658171;0,0269884;0,0245741;20,1988286;10,06577;0,9294057;0,151067;0,005384;5,5594286;4,60047;96,2830727;4,7902257;9,88349;12,62699;0,067313;68,1373;0,0641569;0,1646944;0,1210064;0,0400205;0,195616;0,248778;0,008316;1,602346;0,0122062;0,646631;0,004678;56,9065571;48,1497429;160,9823857;38,2598571;56,5493857;25,0922143;3,5327143;2,2441414;1696,95;57,1305286;10,2215271;0,7787857;0,0828571;0,011953;1,0944529;0,0396533;4,5690143;7,6174965;0,6777148;35,6081571;0,7346766;0,7944667;2,6134257;66,0894857;7,0423057;89,17272;1,2595748;80,8329;5,43748;0,192153;0,100733;13,4830871;0,0439813;4,5901014;397,045;405,3087759;124,539072;32,2544571;55,0074363;16,3069429;2,9356857;19,3762976;22,9021827;15,0404;15,6164;13,8689;0,048316;2,2292071;3,41975;80,7696;0,040293082;30,6346;52,3226714;0,065615;97,2414;7,05993;61,5954;75,7352;0,146229;0,1260001;96,8095286;66,7905;1,41795;0,61085;0,284541;0,043016;9,0815393;13,195395;0,7986071;0,018910817;16,57865;45,7814143;3,93365;96,006
10,5391757;0,0275677;0,0252556;17,8223571;10,54099;0,1915959;0,147368;0,00864;5,6451429;4,80456;95,7700714;4,7249757;12,5501;15,94666;0,05848;67,0126;0,028683;0,2091337;0,1258105;0,093926;0,16571;0,124217;0,004355;1,328082;0,0101116;0,713534;0,007612;54,4185;48,1290714;180,1585714;40,8179143;51,8201714;24,2811571;3,5107771;2,7470857;1680,17;61,1669143;10,6101571;0,7734286;0,0892571;0,009925;1,0489529;0,0416851;4,6665471;8,2340775;0,6532619;32,7172143;0,7808977;0,7709927;2,6361814;59,5995571;6,9456143;89,87304;1,3920743;80,4539;4,83685;0,029325;0,016096;13,1795429;0,0490119;4,95897;311,4775;408,6298739;124,7130343;31,5683429;59,2558746;20,4002714;3,5027;26,004823;28,3879271;15,4911;15,9966;10,6924;0,039737;2,2289343;3,69845;88,2672;0,021236;31,1028429;54,7976;0,048782369;97,775;5,62691;60,5516;75,7649;0,251062;0,1164261;148,6667143;74,2150429;1,44809;0,690949;0,277536;0,06139;9,4018667;8,9063667;0,8002857;0,010832;21,7129857;45,5315143;2,5765834;97,01
5,8480157;0,010045;0,0077753;18,5488571;5,846;1,4362234;0,180504;0,005605;5,5465714;6,2618943;95,8005987;4,853615;10,5693;13,36565;0,054886;65,32;0,0193723;0,2809783;0,1229253;0,03123;0,177959;0,157402;0,017659;1,335601;0,0101652;0,727033;0,01338;50,2375857;48,5314429;82,2802286;39,8746571;50,8564571;22,42796;1,5824857;2,5173757;1329,22;60,2974143;10,2640429;0,7561429;0,0850143;0,011900259;1,05604;0,045208;4,6695429;7,6469954;0,6460134;34,0346;0,4641807;0,7496124;2,4629214;60,8968286;7,5569417;102,5801143;0,8080914;82,0088;5,672466118;0,151430302;0,07774491;10,1628871;0,0335439;3,3218271;329,2308571;383,4157928;126,4106;31,751;31,3763735;13,4651929;2,1099014;12,1066021;16,6709848;13,6545;14,1724;12,3165;0,047093;2,8787929;6,42655;90,4483;0,026688;30,4495429;50,0467286;0,096119;98,5403;7,92398;55,9488;69,0618;0,134707;0,1293857;223,4762857;45,0422429;1,41826;0,575847;0,222838;0,043157;9,4720225;18,82277;0,782472;0,020551163;20,6729143;45,3875857;0,7075516;100,82
5,0788759;0,0249345;0,0203798;18,2252571;5,080718;0,0240921;0,234937;0,008648;5,462;5,71324;96,1730719;4,8387214;12,118;15,36399;0,061882;64,2408;0,0111162;0,2750289;0,1006977;0,045231;0,219863;0,115238;0,001699;1,027894431;0,007811623;0,799889;0,006769;49,4965857;48,4433429;108,25845;43,4499714;49,9728143;21,2645;2,065415;2,5091243;1546,5;59,4927714;10,4198271;0,7631429;0,0816429;0,012819128;1,04148;0,0393774;4,643616;6,9116935;0,6435796;22,85075;0,6608682;0,786287588;3,0865357;66,3974857;6,7605733;99,9353571;0,607133;79,91402072;4,70156;0,078775;0,040429;13,0575857;0,0395689;2,9686031;299,171;444,2978333;115,6278571;31,8708;30,9146483;10,1823067;1,7511701;11,2871173;11,9431723;15,819;16,2871;11,5828;0,030819;2,3854343;2,32288;84,7456;0,121014;30,9970429;49,9376714;0,066765;97,45885661;8,08935;59,9438;74,2034;0,160676;0,1071049;111,2381;45,762;1,43796;0,399404;0,178036;0,044108;8,9073223;21,9934233;0,7831066;0,023000409;21,3241333;43,6962;0,663631;104,36
5,866855;0,0110735;0,00732;21,3182143;5,866465;0,7811486;0,196195731;0,006502;5,4167143;4,4932971;96,5584864;4,66858;12,4216;15,75484;0,170949;72,18015724;0,0033722;0,3539467;0,1463343;0,004757;0,267472;0,112596;0,003132016;1,309568;0,0099522;0,644078;0,005518;50,3392143;47,9093667;135,0555;41,9628857;52,0128857;22,5055333;2,0217283;1,548374;1706,989661;56,22456;9,69743;0,811;0,082;0,013607304;1,116566061;0,031402;4,30759;8,948548911;0,5750542;24,9281;0,690727857;0,787305897;2,934181877;78,4475;6,005564635;91,05208004;1,209788392;81,89;5,412;0,016364;0,014564;18,5104571;0,0400992;4,0193617;334,1017485;301,3698;118,629;30,7727429;30,3913807;17,5476;2,5104683;16,4692064;16,8494028;16,5144;16,984;11,9103;0,453283;1,1262529;2,4166;89,9598;0,024569;32,6003286;50,9715333;0,029954;98,5272;6,81048;60,68631;75,58261696;0,247205;0,111762;119,4762429;44,8806333;1,20548;0,801392;0,282751;0,038522;9,7049019;9,03215;0,7805895;0,02287406;22,4460429;43,4066857;1,0216313;102,94
4,0064297;0,0075443;0,0185438;18,0506143;4,007285;0,5814873;0,28432;0,00534;5,425;4,224615;96,799818;4,7895586;10,5988;13,40446;0,201657;73,05026774;0,0131603;0,3327537;0,1977654;0,0048;0,286222;0,1374;0,006941;1,686371;0,0129741;0,649884;0,007225848;51,7498857;48,2014857;104,1062379;39,27555;51,2378571;17,1380157;1,863506;1,952910125;1285,47;57,93445719;9,48369;0,734;0,076;0,012503041;1,109736152;0,030417;4,520976065;7,850732;0,602862447;24,69030408;0,598092846;0,7907957;2,910889172;72,01314595;5,731531084;92,77843376;0,322332;80,94;5,842;0,154281;0,083697;15,5040517;0,039966;2,5641259;352,2900418;310,8478571;120,7228333;33,5671286;22,0993115;9,8395196;1,991961;10,5550404;12,5855576;16,4049;16,8802;13,7068;0,033976;1,5861533;3,10072;91,607;0,044801;32,4215714;51,6253;0,087071009;98,2385;8,328954492;61,3651;76,5035;0,132612;0,0964057;97,8944667;37,1883286;1,20998;0,407989;0,183025;0,034616;9,1052718;14,8839;0,7694411;0,0227833;20,1961143;43,9263333;1,1327799;102,32
7,1736143;0,0156644;0,0168514;18,6052333;7,1843443;0,0471649;0,223301;0,004783;5,269;4,0034586;96,8524562;4,9790486;11,6706;14,84598;0,1887;71,33571172;0,0104379;0,2131763;0,1950146;0,436706;0,451719;0,158662;0,005424;1,408201;0,0107366;0,612899;0,004171;50,5428714;48,1177167;141,9087571;36,5708857;51,9398429;24,7606833;2,9765;2,254224938;1606,69;58,34355729;10,07506811;0,778519701;0,067031843;0,013438993;1,06828;0,027747;4,605865167;8,502828771;0,631584886;28,75854893;0,5952024;0,7940949;2,861567654;68,84950631;5,92402137;91,1228;1,1136269;79,07;5,863;0,164994;0,089005;14,8049857;0,0438566;3,9942229;352,8217562;332,2478333;115,9182;34,3715667;37,2211178;11,2716929;2,2540971;14,8608068;16,3327465;17,0328;17,6692;11,1239;0,028835;1,3194671;6,09867;90,7664;0,027436;33,4450333;53,0516714;0,034529;98,1308;7,680512166;63,43;79,1868;0,245372863;0,1173934;123,4;52,7824857;1,47143;0,39049;0,181708;0,040119;9,1242634;12,55701551;0,7765189;0,0223923;14,3779;44,3112714;3,7390429;97,832
11,0157429;0,030911;0,0175995;19,2403429;11,0152429;0,8084019;0,193309;0,005358;5,3981429;4,3101367;95,0281622;5,0410786;11,3322;14,50721;0,161853;68,98026392;0,025173;0,2088443;0,1891659;0,298686;0,237226;0,20906;0,003068;1,015102;0,0077179;0,596804;0,003589;57,5479;49,8351857;184,3597143;40,0899;51,8808286;25,9035857;3,90007;2,611013193;1738,3;57,40666086;10,53092983;0,783781195;0,073453637;0,014460498;1,0279211;0,042598039;4,319355;8,166808037;0,6388342;20,0858167;0,7653974;0,8019073;2,4088076;66,32924861;5,82614;94,0012;1,33027;80,23;6,656;0,146151;0,072637;14,61595;0,0479944;5,2714843;345,7748105;263,9306667;123,356;30,3382;60,2921194;17,2506571;3,4505243;20,8678498;25,158768;17,103;17,6893;11,308;0,047957;2,18018;6,24746;88,7216;0,017959;37,1373857;55,6456857;0,038284;98,2312;6,99084;63,8618;79,5554;0,185021256;0,1094761;98,0475429;76,3163571;1,22966;0,263236;0,136212;0,051729;10,3585551;0,618029;0,7774591;0,019044855;13,4723857;44,9628286;4,0447914;95,31
11,4830714;0,0333924;0,0284192;20,4320429;11,4839429;0,6401124;0,160133;0,005821469;5,5057143;4,4935014;95,8283551;4,9984057;12,1138;15,4344;0,177333;68,66320973;0,019886;0,295759;0,1167786;0,028214;0,218375;0,163456;0,002272;0,923398;0,0070095;0,719576;0,004158;50,5006;48,1911714;170,3221429;37,9405857;51,9505857;25,8161714;3,8057057;1,8404555;1560,91;51,8365667;10,5822;0,7165;0,07018;0,014480341;0,999494;0,046369834;4,64268;7,263184;0,6639182;35,2039429;0,7863847;0,7646277;2,4097114;55,0815667;6,0476029;89,479375;0,8013663;77,47;6,017;0,100894;0,052065;27,5559;0,0476024;5,1847414;336,6989942;382,7524286;127,2447143;29,8208286;61,0425958;18,0883143;3,6180243;21,9772727;26,2918104;15,7025;16,2416;13,5005;0,03941;0,9804547;5,46879;87,8582;0,01695;31,5971143;53,3991429;0,044297;98,3354;7,37554;66,5825;81,8878;0,204226;0,1140809;109,6667286;77,6361143;1,32247;0,248078;0,143879;0,048661;9,7717448;5,502985188;0,7771961;0,019591965;16,2037429;46,7387143;3,2999971;98,039
8,7004714;0,0385841;0,0341377;19,0415429;8,7020429;0,773198;0,253547;0,005738;5,3634286;4,8692186;96,0473919;4,7827829;12,5693;16,01171;0,194794;69,60892329;0,0096253;0,2073951;0,193764;0,017047;0,174545;0,111478;0,007022893;1,178293;0,0089545;0,693547;0,00405;49,9796286;48,222;76,9290857;41,134;52,8677;23,9753143;3,0860543;2,7546557;1690,66;54,7942857;10,5412286;0,7344286;0,0794571;0,0125675;1,1106829;0,0388068;4,8456957;7,1698844;0,6703904;36,8787857;0,7056839;0,7904354;2,1980714;56,2488286;6,9036517;92,57345;0,7883141;77,8;4,805;0,060359;0,028347;11,1770657;0,04135;4,1278357;359,9705369;416,816;127,433;29,2900571;46,6737579;13,82706;2,7684643;16,0119922;20,0920053;16,3865;16,9457;13,2556;0,051293;2,1533886;6,2846;84,7683;0,052649397;31,8001714;48,7800571;0,053951;98,3725;6,79984;58,9148;73,0032;0,191512;0,1316144;119,619;58,2292857;1,15137;0,26886;0,157596;0,042929;9,6775533;11,13077702;0,776248;0,018877732;19,7402;46,3109;3,5412471;95,64
10,3248329;0,0265431;0,0266455;18,6183857;10,32466;0,1851101;0,176656;0,008654;5,522571;5,2990214;96,0732783;4,6404057;12,4848;15,89179;0,200231;69,2855261;0,0319189;0,186011;0,1424657;0,008907;0,219208;0,154827;0,003517;0,928299;0,0070481;0,545428;0,005103;53,7529857;49,2853286;110,8414714;43,7358429;56,9667857;24,6658714;3,4207943;2,8723029;1745,68;54,8523429;10,5892714;0,711;0,0799571;0,0131765;1,0614329;0,0355036;4,8165729;6,3407293;0,6637605;28,8273857;0,7653577;0,7992799;2,6947714;56,0292143;5,9324971;98,2990429;1,8170829;80,88;4,329;0,1059;0,050335;9,9547557;0,046759;4,9159243;359,7846269;382,206;124,6301855;29,6281571;56,1701293;18,8179429;3,7600471;22,6592846;26,2876293;16,5068;17,115;13,205;0,062164;2,5862857;6,87795;88,04;0,053102699;30,9086286;50,5574714;0,044311;97,3927;6,01335;56,8026;71,2926;0,165254;0,1068001;142,0477143;62,8075571;1,58395;0,343538;0,192397;0,046403;10,3868343;11,66204653;0,7951979;0,018329036;19,6689857;44,6636571;4,2463371;93,096
9,1214086;0,0210094;0,0189954;16,3748429;9,1186186;0,1740549;0,198125;0,005462;5,5277143;5,4077529;95,0515039;4,5531857;12,3203;15,64918;0,192762;70,11370294;0,0374117;0,2404803;0,1297249;0,02699;0,177973;0,153385;0,005048;1,023216932;0,007776561;0,501464;0,002276;55,0215857;50,1366;89,7793429;48,3634857;56,9972143;24,0688714;3,3086;2,1733586;1703,61;54,9203429;10,4059414;0,717;0,0664571;0,0149674;1,010805;0,0330007;4,7096614;6,9587287;0,6511031;33,1305857;0,7295049;0,7776301;2,72138;59,0096857;5,7317557;102,7427143;2,20902;80,7;4,801;0,142984;0,06991;11,8920714;0,0435686;4,1947886;416,6474;399,7157119;123,9684541;30,1436143;50,2023415;20,6881857;4,1273314;26,2816717;27,4528142;16,3794;16,8741;12,5609;0,365261;2,3266129;5,63694;87,472;0,070328642;31,4727;52,0122143;0,045262;97,153775;8,0583;55,9011;69,9491;0,202394;0,1015309;137,9403857;59,4922857;1,16791;0,414477;0,221563;0,063561;10,3690505;0,079275;0,7901496;0,015381;23,3563143;45,1594429;2,7974929;95,248
10,0549471;0,0187997;0,0309546;18,8768286;10,0547757;0,0222629;0,207456;0,005487;5,524714;5,50741;95,2920323;4,7268186;15,0425;19,10102;0,26838;69,32744008;0,0116463;0,2350921;0,1415213;0,04465;0,209251;0,110715;0,008686679;0,76792;0,0058367;0,588836;0,036219;55,0062286;54,7467857;97,4912286;48,2315857;57,0468;24,5616286;3,5121214;2,5726286;1743,66;55,6512143;10,6094714;0,7485714;0,0636571;0,0176164;1,1088914;0,0351024;4,5983757;7,4766576;0,6622291;30,0950143;0,8575713;0,7770207;2,7275214;63,7667;5,3038786;101,78115;1,046888;77,48;5,363883;0,129849;0,064;12,9873429;0,0471536;4,6754486;308,7891429;410,3729308;124,8351107;30,8274143;55,477936;22,3964857;4,3954257;26,9419248;30,3385577;17,0896;17,6391;14,038;0,056387;2,1525057;6,95682;88,1536;0,069055;31,6781143;55,4295;0,056883;98,429;5,53608;64,1013;80,6139;0,171412;0,0922964;233,613;72,8907571;1,3833;0,321966;0,185873;0,030623;9,7848399;26,34944;0,7861009;0,01181;18,7109714;43,8619857;2,3441457;91,65
11,2032429;0,037029;0,0314276;19,5777714;11,2026;0,4388297;0,197775;0,009724;5,4317424;4,5007314;96,6275037;4,9718629;12,5007;15,89863;0,20677;68,46360364;0,0188334;0,214598;0,1533791;0,013758;0,281293;0,140178;0,00302;0,940668;0,0071505;0,50427;0,008917;54,9879429;54,8635571;144,2871429;47,4278286;56,9972143;25,5402;3,9413057;2,3152371;1737,54;55,5328714;10,3282343;0,8544286;0,0629143;0,020178;1,1827443;0,030831;4,4460429;7,4070105;0,6847377;31,276;0,9971644;0,7861859;2,7528557;74,6536714;5,5549329;88,234925;0,671339;78,3215;5,700728;0,141113;0,080122;11,6619;0,0480443;4,7049629;338,025;421,3468629;125,7789928;30,2803571;60,3888286;23,9473714;4,4819071;28,1625972;32,4327954;17,2856;18,0097;13,7468;0,149149;2,7908814;6,76285;86,3814;0,047054758;32,3402429;57,1380286;0,054191;98,5615;5,72203;64,4711;79,9828;0,070271;0,1460393;109,5119143;78,3662857;1,47538;0,436161;0,202682;0,038859619;11,688624;26,4060714;0,793993;0,017083667;15,4143;46,5771143;2,4192629;88,37
11,3996571;0,0332943;0,0332043;20,8397714;11,4004429;1,2775603;0,177421;0,007687;5,4879854;3,8025457;97,1073411;4,7941271;12,8711;16,16921;0,204026;67,93615401;0,031985;0,1944883;0,1043932;0,019047;0,214549;0,164865;0,003263;0,971265;0,0073803;0,420081;0,006218;54,9899571;54,865;127,8910714;45,3072429;56,4131143;25,7384429;3,7277486;2,56003;1744,99;55,6983429;10,8779429;0,8492857;0,0679429;0,0122678;1,1545443;0,0305324;4,8028257;7,5250499;0,6939881;35,4731286;0,8988264;0,8019263;3,1348729;69,8540286;6,0941343;65,4543;0,719895;77,2518;5,228755;0,089347;0,042338;12,9138857;0,0457423;4,8301171;341,0085714;425,5724441;126,0652996;30,1647143;60,3182032;22,4891714;4,4926943;25,6302448;30,8570319;16,4962;17,0852;13,1287;0,32406;2,373876;8,13967;85,2;0,012091;32,1647571;56,0231143;0,046787;98,5302;6,59599;63,9481;79,3059;0,070365;0,1161509;102,4714429;74,3747857;1,20248;0,222186;0,113383;0,028166;9,6448921;2,1477;0,7735521;0,016563221;14,83525;47,8402714;2,4891614;88,834
9,2441114;0,026575;0,0386138;21,1715714;9,2481171;0,0223603;0,224691;0,003816;5,4140994;4,0672971;97,3283353;4,6949957;12,0439;15,0703;0,205865;69,08620409;0,012938;0,2169427;0,1391794;0,019911;0,209726;0,209313;0,023066;1,038333;0,00792;0,414973;0,007985;55,0143714;54,9781;103,731;46,3105857;55,0296;23,9539833;3,3658729;2,8010657;1742,23;57,5956;10,8404714;0,6788833;0,0708143;0,0117765;1,1570483;0,032402;5,288905;7,2729835;0,6914886;36,4372429;0,8362306;0,7593437;2,7750086;67,7909;5,72849;95,042825;1,402872;77,72198;5,205707;0,205462;0,103932;12,0694714;0,0451817;4,1073029;350,9348571;423,0187561;115,829;30,3454286;49,022894;18,2578143;3,6427171;22,6605721;24,8191253;16,8195;17,4137;12,146;0,177215;2,27243988;6,01864;68,16;0,009374;32,5178429;53,8021857;0,023118;98,0746;6,59148;63,4488;82,1927;0,102576;0,1156239;108,0167143;65,3818286;1,23859;0,630941;0,319198;0,027463318;9,4293869;17,97667736;0,7737317;0,015987444;15,1729429;47,6856286;2,97197;84,697
11,3473514;0,0339189;0,0386881;20,5713714;11,34708;0,4344841;0,186007;0,009067;5,4093999;4,2236343;96,7670351;4,9717186;12,7312;15,91162;0,204395;67,82078266;0,0182403;0,175734;0,157259;0,291729;0,232684;0,119381;0,002946;0,935819;0,0070969;0,497305;0,002523;54,9940571;54,9878571;175,5328571;44,4056286;54,9943571;25,5402;4,1218929;2,8500843;1727,01;57,6452;10,4027;0,7295286;0,0669571;0,0154778;1,2130971;0,0335284;4,8065257;6,9243716;0,6877801;32,0146429;1,0237907;0,8048741;2,9061871;66,6024143;5,7736014;84,433025;1,135855;78,30993;5,555134;0,213827;0,109315;11,9179714;0,0536083;5,0790471;340,4482857;428,4729315;122,0306667;30,0277143;62,5629234;23,9863857;4,4232171;29,2079934;32,7316872;17,332;17,9711;14,8993;0,028913;2,9092467;6,06617;87,0744;0,031706992;32,3055286;56,2871;0,022932;98,3753;6,46285;67,6345;84,5343;0,121067;0,1230427;132,9523429;76,5292857;1,29014;0,381186;0,215981;0,030361;10,2521264;1,16107;0,7790983;0,017757;13,3594;46,7575;3,3392814;87,694
11,7996286;0,0376894;0,0404013;21,0121714;11,8002714;0,0410123;0,155462;0,004839;5,3874284;4,7094257;96,7597707;4,8402729;11,8622;14,9027;0,203617;68,09162507;0,0188099;0,176073;0,1388867;0,016273;0,163239;0,174882;0,003448;0,970317;0,0073712;0,497576;0,00596;54,7906;53,8668714;181,5901429;41,4379857;56,2412;25,8760286;3,9581671;2,3160914;1732,5;56,4200429;10,4302;0,8142857;0,0699667;0,0163472;1,1733414;0,0328973;4,3955283;8,5554358;0,6834837;34,1632;0,9805804;0,7930576;3,1291886;67,5963571;6,83978;91,00375;1,189228;77,39462;7,482141;0,209248;0,111514;12,7722143;0,0519564;5,7261243;313,0247143;366,281;128,2752857;29,5919571;63,599064;23,5278143;4,4315371;28,0467658;32,4134822;15,5671;16,1407;14,7293;0,021496;3,2387043;5,79052;86,7336;0,027802256;31,4912571;54,1262;0,028317;98,4902;7,95636;62,1123;77,8973;0,13524;0,1240106;131,9523429;77,2247;1,27458;0,317361;0,179368;0,03971;10,3813324;9,90992;0,7760636;0,017278382;14,2014286;46,2995429;2,9972036;90,17
11,3225186;0,0327996;0,0327236;18,2111857;11,3245;0,1294257;0,204375;0,006365;5,4744998;4,4311529;96,5211531;4,8123971;11,496;14,41145;0,217244;68,2444098;0,0208176;0,2016291;0,1946001;0,025405;0,196433;0,152744;0,002313;1,100326;0,0083545;0,520128;0,003469;54,7959286;52,8177;165,5163286;42,5573;56,1304571;25,7695333;4,1473686;2,8828771;1730,6;58,3217714;11,1529833;0,8415;0,0812571;0,014225;1,2327357;0,0331055;4,7325143;8,9349052;0,6645388;38,5382714;0,9654986;0,7855796;2,8214871;69,5615429;7,6029257;94,8384571;1,6562261;73,89636;7,125305;0,188904;0,093069;14,2735914;0,0505513;5,5975414;312,60125;526,2562857;128,8107143;29,9075714;60,5274233;22,5286714;4,4057629;26,7555374;30,8639179;16,6331;17,2767;12,8867;0,037258;2,668656;5,33246;85,9838;0,075376;31,4542143;54,7501857;0,041615;98,5051;7,73;62,6092;78,1463;0,162565;0,1411047;94,6666857;75,2649143;1,52784;0,415731;0,239587;0,039686;9,8148249;8,34956;0,7743044;0,018516566;12,7870857;46,6014714;4,37158;93,218
12,0062286;0,0326903;0,0392484;20,6405286;11,9855286;0,0421924;0,173513;0,005697;5,4381713;4,573885;96,3388877;4,8242186;11,459;14,36388;0,158115046;67,90603867;0,02177;0,2193573;0,157821;0,014165;0,223385;0,162921;0,003194;1,135915;0,0086283;0,51489;0,003467;54,9620429;52,6600571;177,8082857;41,7250857;56,3064857;25,7850857;4,1942629;2,9505957;1724,92;58,1858143;10,5899286;0,824;0,0822;0,0149903;1,3473386;0,0317567;4,6166043;8,7516175;0,6613795;36,2934143;1,1020714;0,7827724;2,8844129;68,6710143;6,6797371;97,73726;1,102418;73,88377;6,973416;0,135072;0,066897;9,8202729;0,0525583;5,4419857;339,8085139;445,5284286;129,4494286;29,5412857;64,5325384;22,6344571;4,4197871;26,3824084;31,1020525;16,1854;16,8526;14,1355;0,033633;2,959987;5,32756;87,0176;0,006201022;31,4929571;56,0151143;0,034326;98,5679;7,18137;67,0114;82,7034;0,167176;0,1275951;98,4286286;79,5568429;1,46215;0,677594;0,273122;0,048805;9,4287333;6,475854715;0,7725276;0,010979;12,4748714;46,3367857;4,1125929;93,572
11,8202143;0,0403659;0,046393;20,0285429;11,8191;0,0625163;0,236236;0,005057;5,444757;4,6608871;96,2039892;4,8754229;12,18853453;15,41442366;0,236919;68,29736694;0,0179749;0,2280559;0,184682;0,017957;0,196157;0,15075;0,002289;1,199766;0,0091205;0,516838;0,011201;54,9839571;52,6816857;193,7488571;42,0278429;56,3228;24,4143857;4,0779614;2,84533;1728,62;58,3626857;10,3340714;0,8195714;0,0753;0,015699899;1,32526;0,0315591;4,6062943;8,7607867;0,6681033;38,2885571;1,0854586;0,7877567;2,9564229;67,5507714;6,3578657;91,4756714;1,7329713;73,58811;6,40325;0,147659;0,077128;10,0437171;0,0507329;5,0607971;329,18576;384,3087143;128,6082857;30,2825;63,8770639;20,8658571;4,1733829;24,9678725;29,7523177;16,9357;17,6594;12,3984;0,036275;3,1084786;5,33762;87,2675;0,014063719;30,3721143;54,6764143;0,035861;98,5095;6,75911;66,598;83,2677;0,18543;0,1254904;89,0952571;76,9867;1,44876;0,411041;0,201874;0,064593;9,0510529;5,587313057;0,7749154;0,031513;12,6578;48,6577;3,9350614;94,448
11,4802714;0,0417886;0,039763;20,1181714;11,4806;1,5131263;0,184557;0,007833;5,5095566;5,2604271;95,5087049;4,9262343;11,47;14,41289;0,214605;68,22970129;0,0206284;0,21402;0,1236038;0,021431;0,213206;0,185349;0,002818;1,215313;0,0092393;0,549479;0,005197;53,9541;51,8889143;241,0244286;39,7165429;57,7479286;25,7701857;4,0022771;3,0199414;1726,55;58,2839429;10,1685271;0,8162857;0,0756429;0,014926586;1,2218371;0,0380097;4,74261;9,4315214;0,6663229;37,7124143;0,9767119;0,7888795;3,11217;67,3941286;6,3088786;101,8611167;1,403906;74,63156;5,716383;0,15382;0,078359;9,4306886;0,0498586;4,7261257;335,9751098;332,1464286;128,545;29,8945286;62,5178567;19,8365286;3,9675386;23,6162272;28,1452877;16,4498;17,1356;11,5135;0,03782;3,3055343;7,2672;86,1429;0,005443909;29,2770143;57,4995;0,041529;98,5976;6,82756;63,69583112;79,6462054;0,242424;0,1301336;90,0952571;76,4796143;1,50536;0,566352;0,242028;0,073851;9,1782107;0,115085;0,7727577;0,019067196;16,0584429;48,7948286;3,6747943;96,065
7,6767556;0,0218829;0,050146;18,9930429;7,6769134;1,3501887;0,212531;0,006762;5,4236798;6,1325114;94,8763337;5,1007071;11,4011;14,48857;0,214329;69,9582725;0,0504862;0,3964167;0,138585;0,021841;0,223046;0,1311;0,009608;1,208323;0,0091868;0,573955;0,004305;60,5577286;51,8534714;161,9466167;39,1932857;55,9492143;21,3118717;3,260768;2,9730071;1730,39;58,7113857;10,1933143;0,7741429;0,0732714;0,014252068;1,2263475;0,0480187;4,7059571;9,2845287;0,676284;36,8689571;0,7992543;0,8389262;2,9559757;63,9836857;6,4773157;95,3636;1,1467714;78,33975;7,656536;0,100496;0,056467;9,5654571;0,0484806;3,3042531;345,2289323;312,196;124,3853089;30,0128857;42,3505232;13,8427366;2,7664897;15,8840405;19,2293993;15,9892;16,6054;11,7337;0,1387;3,1383643;6,15063;86,4951;0,059323328;28,9582857;51,7755143;0,049007;97,8971;6,96822;62,3239028;77,87388169;0,275143;0,1335619;92,2221167;52,3674843;1,48558;0,405215;0,192144;0,085363;9,4380472;9,731289108;0,7662569;0,019920912;16,8936;49,2567857;1,2917843;96,338
7,63238;0,0251069;0,0377162;22,0862714;7,6318814;0,0421153;0,189019972;0,013218;5,4399139;5,8533514;94,3600543;4,8627829;11,5643;14,53769;0,225613;69,89268862;0,0215337;0,2300707;0,204279;0,0474;0,209862;0,147216;0,003338;1,157508;0,008862;0,621389;0,006135;59,3970143;52,4486429;171,3183571;36,1052286;60,0133143;26,2793;3,0067857;2,8876414;1542,43;60,8799714;10,43187;0,7787143;0,0770429;0,013130102;1,124406;0,0443464;4,747858;8,8676664;0,682716;31,9053571;0,7168606;0,7997303;2,8801217;63,0594857;6,543614;84,0853429;1,7004361;73,86302;6,666224;0,136637;0,07861;10,2329;0,0479797;3,6635857;364,7544;397,2668639;123,7655936;29,9166286;41,4887106;13,5921357;2,71172;16,5564771;19,3688175;16,9039;17,5363;12,5638;0,030326;2,9472329;4,87712;87,0176;0,047594121;29,1174714;54,4851571;0,061245;98,5598;7,50991352;61,46117895;76,7866132;0,270283;0,1354198;98,4001;55,9867143;1,50619;0,36948;0,174421;0,084279;9,1426365;0,6433955;0,7689914;0,026594;13,2454714;46,3041429;2,3336669;98,763
10,9466714;0,0365203;0,0302374;22,2759714;10,9457857;0,3660016;0,19756;0,010928;5,3363134;5,6319243;94,144006;4,99264;13,2206;16,65651;0,203432;68,28770646;0,025994;0,2160644;0,1565857;0,030109;0,402948;0,22717;0,004976;0,64947;0,0049684;0,630937;0,004564;60,4858571;51,6235167;232,9184286;40,6402143;58,5206714;26,3976286;3,8815371;2,677028;1804,47;58,0465143;10,83282;0,78;0,07605;0,014069769;1,11705;0,0477621;4,753724;8,5233306;0,6736069;23,758375;0,8566154;0,7989893;2,894825;63,17144;5,98196;95,0386429;1,8882733;77,11282;8,545545;0,084637;0,053862;10,7739714;0,0504651;5,61745;380,1752857;411,129015;124,3493333;29,1437286;60,8010892;19,1805143;3,83763;23,3201878;27,1017879;16,9843;17,6993;12,611;0,08057;2,9447586;5,12033;87,4834;0,020602;28,3100167;59,5655143;0,054949;98,5501;7,056813295;65,75;81,7785;0,187143619;0,1182667;149,9166167;76,5327714;1,31655;0,406555;0,195067;0,068889;9,7988742;1,423108;0,7697759;0,01118;12,5984429;48,6141714;2,7890914;97,033
