x1;x2;x3;x4;x5;x6;x7;x8;x9;x10;x11;x12;x13;x14;x15;x16;x17;x18;x19;x20;x21;x22;x23;x24;x25;x26;x27;x28;x29;x30;x31;x32;x33;x34;x35;x36;x37;x38;x39;x40;x41;x42;x43;x44;x45;x46;x47;x48;x49;x50;x51;x52;x53;x54;x55;x56;x57;x58;x59;x60;x61;x62;x63;x64;x65;x66;x67;x68;x69;x70;x71;x72;x73;x74;x75;x76;x77;x78;x79;x80;x81;x82;x83;x84;x85;x86;x87;x88;x89;x90;x91;x92;x93;x94;x95;x96;Y
0,54;0,31;0,26;-0,83;1,04;1,04;0,33;0,58;0,51;-0,68;-0,65;0,48;2,03;0,48;2,03;0,45;-0,52;-0,54;0,77;0,27;0,14;-0,69;0,65;0,68;0,46;0,08;0,45;-0,46;0,74;-0,78;-1,57;0,51;-0,11;0,77;0,94;0,25;-0,6;0,36;0,83;-0,08;-1,24;0,29;0,15;-0,92;-1,6;-1,39;-1,28;-0,06;-0,78;-0,63;0,44;2,25;0,77;-0,22;-0,2;-0,5;-1,51;-1,17;0,66;-1,05;1,3;1,36;0,36;-0,27;-0,07;0,11;0,24;0,15;-0,1;-1,14;-1,03;-1,21;-0,22;0,4;0,65;-0,77;-0,81;0,48;0,28;-0,02;-0,19;-0,62;-0,15;-0,05;0;-0,53;-0,18;-0,26;-0,36;-1,06;-0,68;1,06;0,22;-1,06;1,17;0,46;2,28
-0,14;-0,88;-0,9;0,76;-0,03;-0,16;0,34;-0,07;-0,09;-0,3;-1,02;-0,21;0,69;-0,21;0,71;-1,56;0,72;0,77;-0,23;0,69;0,59;1,22;-0,27;-0,4;-1,51;0,52;-0,76;0,37;-0,37;0,52;-0,6;-0,77;-0,7;1,03;1,13;-1,6;0,25;0,21;-1,54;-0,95;0,43;-0,31;0,15;0,24;-2,13;-1,08;-2,17;-0,39;-1,1;0,01;-0,62;1,47;1,21;0,9;0,48;-0,24;2,7;1,93;-0,87;2,61;0,37;-0,85;-0,1;1;-0,17;0,45;0,07;0,51;0,4;0,32;-0,4;-1,07;-0,76;-0,47;-0,91;-0,45;-2,2;0,78;0,47;0,66;-0,66;-0,34;-0,4;-0,23;0,06;0,06;0,01;-0,01;-1,34;-1,4;1,83;1,4;-1,28;0,59;-0,67;-1,45;2,59
2,35;0,29;0,03;1,15;-0,77;-1,28;0,31;-1,78;-1,85;0,25;-1,62;-1,04;-0,69;-1,04;-0,67;-1,01;0,89;0,87;-0,27;1,11;1,23;-0,1;0,72;0,78;-0,21;1,13;-1,18;0,85;-0,79;0,83;0,34;0,59;-0,43;0,03;0,1;0,01;-0,37;0,36;0,49;-0,2;-0,92;-0,88;0,04;1,68;1,11;0,27;-0,73;0,3;-0,77;0,61;0,86;-0,06;0,22;0,68;0,24;0,86;1,69;1,15;-0,5;0,66;-1,06;-0,3;-0,14;0,48;0,23;0,21;1,73;-0,71;-0,36;0,19;0,73;0,95;0,59;0,56;-0,47;-1,56;-0,34;-0,11;-0,36;0,65;0,04;0,14;0,18;0,53;0,11;0,36;0,12;-0,23;-0,15;-0,68;0,83;0,68;0,27;0,83;-0,97;1,68;1,94
0,96;1,07;0,92;-0,33;0,64;0,73;0,64;0,72;0,64;-0,31;-1,51;-0,89;1,85;-0,89;1,85;-0,37;-1;-0,99;-0,36;1,11;1,17;0,24;0,07;0,04;-1,12;-0,39;0,14;-0,62;1,14;-1,37;-1,42;0,14;-1,06;0,71;1,29;-0,84;-0,81;-0,14;0,2;-0,21;-0,63;-0,27;1,06;-2,98;-0,61;-1,29;-2,17;-0,81;0,4;-1,22;-0,12;2,14;-0,52;0,37;-0,21;0,04;0,07;-0,5;-0,91;-0,01;0,69;0,38;0,25;0,61;0,12;0,56;0,73;-0,16;-0,09;-0,48;-0,13;-0,3;-0,38;-0,83;-0,15;0,15;-1,16;0,63;-0,13;-0,4;-0,1;0,05;-0,08;-0,29;-0,08;-0,42;-0,05;1,29;-0,6;-1,81;0,2;1,81;1,21;-0,32;0,43;0,1;2,39
2,97;-1,95;-2,28;-0,05;1,22;1,21;-1,14;-0,34;-0,34;0,17;-0,88;0,12;-0,18;0,12;-0,17;0,16;-1,8;-1,8;0,65;0,79;0,35;-0,52;2,76;2,61;-1,47;1,65;-0,91;0,96;-1,25;1,44;0,85;-2,02;0,51;0,24;0,43;0,5;-0,65;0,63;1,25;-0,49;-2,34;-1,95;1,9;0,06;-3,26;-0,04;0,74;-0,05;2,62;-2,07;-1,34;1,84;1,73;1,32;-3,94;3,01;-0,59;-2,32;0,25;2,06;1,19;0,71;0,6;-0,27;0,09;0,35;-0,99;0,7;-0,25;0,14;-0,67;-0,26;-0,99;-1,07;0;-0,34;-0,59;0,86;0,01;-0,42;-0,02;0,08;-0,51;-0,08;0,38;0,57;-0,1;2,91;-1,33;-0,28;0,61;0,28;-0,28;-1,13;1,11;-2,93;2,09
0,05;-0,99;-1,01;0,14;1;1;-0,39;0,94;0,88;0,08;-0,8;-0,34;0;-0,35;0,01;-0,28;-0,22;-0,23;0,26;-0,11;-0,22;-0,6;-0,28;-0,23;-1,78;-0,68;-1,25;0,55;-0,19;-0,02;-1;-1,46;-0,37;0,13;0,46;1,31;0,85;1,31;0,14;-0,72;-1,44;-0,29;-0,74;-0,91;-0,49;-0,93;-1,28;-0,01;-1,24;-1,15;-0,1;1,61;-0,91;0,15;0,26;0,71;-0,22;0,38;0,14;0,58;0,81;1,16;0,33;-0,21;0,17;0,26;1,28;0,04;-0,49;-0,44;-0,33;-0,72;-0,24;-0,76;-0,55;-0,87;-0,63;0,97;0,12;1,02;0,3;-0,6;0,01;-0,51;-0,21;-0,35;-0,02;-0,33;-0,14;-1,25;0,32;1,25;-0,96;-0,94;1,04;0,69;2,24
0,17;0,67;0,57;0,1;1,18;0,96;-0,72;-0,28;-0,38;-0,39;-1,88;0,22;0,16;0,22;0,19;-1,42;-0,44;-0,43;-1,47;-0,28;0,24;-2,95;0,64;0,83;-1,31;-0,72;-1,22;0,39;0,42;-0,94;-2,08;0,11;-1,17;0,19;0,77;1,13;0,32;2,46;0,14;-1,65;-2,59;-0,46;-0,64;1,33;-0,82;-1,03;-2,49;-0,9;-0,8;-0,21;-0,12;1,83;2,39;-0,16;1,41;-1,31;2,05;2,62;-0,48;2,88;0,77;1,12;0,36;1,1;0,27;0,97;0,6;-1,21;-1,8;-0,78;0,22;0,56;-0,18;-0,53;-1,2;0,82;-2,72;0,25;-0,77;0,07;-0,02;0,73;0,02;-0,13;0,36;0,3;0,02;1,37;-0,55;-2,21;2,28;2,21;-0,17;0,44;-0,33;1;2,5
-0,89;0,02;0,16;-0,78;1,56;1,23;-1,24;1,21;1,06;1,06;0,16;-0,88;-0,65;-0,88;-0,64;0,71;-0,35;-0,33;1,12;0,86;0,53;0,6;0,57;0,59;-0,96;-0,91;-0,55;0,08;-0,04;0;0,42;-0,64;-0,03;0,07;-0,35;-0,09;-0,05;-0,15;0,12;0;0,23;-1,5;0,79;-0,68;-0,75;-1,67;-2,24;-1,01;-1,43;0,01;-0,72;0,17;1;0,55;1,04;-0,29;1,31;2,42;0,98;1,2;-0,3;-0,11;-0,23;-0,5;-0,14;-0,52;0,98;-0,81;-1,11;-0,77;-0,66;-0,66;-0,28;-1,33;-0,52;-1,24;-0,54;0,69;1,32;0,11;0,13;0,21;-0,27;-0,98;-0,37;-0,3;-0,08;1,07;0,11;1,03;-0,53;-1,03;-0,02;-1,35;1,56;-2,03;2,25
1,16;-0,53;-0,77;-0,42;-1,38;-1,36;0,68;1,2;1,2;-0,23;-0,09;0,35;-0,41;0,35;-0,41;-0,35;0,29;0,29;-0,77;1,63;1,77;-3,35;2,32;2,52;-2,98;-0,22;-1,1;0,07;-0,17;0,4;-0,66;-2,72;-0,98;1,26;1,08;-1,67;-0,29;-1,06;-0,86;0,03;1,57;-0,65;1,82;-0,04;-2,23;-1,64;-1,1;-0,48;-1,97;-2,04;-1,75;2,09;-0,85;-0,47;0,98;-1,4;0,88;1,49;-2,05;1,44;-1,29;-1,83;-0,42;0,65;0;0;1,39;0,59;-0,35;-0,17;-0,55;-1,91;-1,12;-1,14;-0,9;0,58;-0,78;1,74;0,81;0,01;-0,54;-0,87;-0,25;-0,67;0,06;0,3;0,42;1,3;-1,08;-1,33;0,36;1,33;0,06;0,45;-0,5;0,7;2,48
1,06;-0,35;-0,47;-0,28;-0,39;0,09;0,35;0,9;0,9;0,64;-0,34;-1,13;-0,39;-1,13;-0,4;-0,02;-0,49;-0,49;-0,84;0,99;1,04;-3,26;0,93;1,07;-1,73;-0,78;-1,66;0,24;0,46;-0,95;-0,44;-1,39;-0,37;-0,33;-0,21;-1,34;-0,67;-1,34;-0,16;0,41;1,1;-1,33;0,49;-1,08;-1,47;-2,22;-1,33;-0,49;-1,42;-2,33;-0,04;3,12;-1,12;0,94;-0,31;0,44;1,18;0,5;-0,72;0,95;-0,63;1,36;0,05;-0,83;0,3;-0,43;0,49;0,48;0,33;-0,66;-0,86;-1,6;-0,39;-0,5;-0,42;-1,9;-0,56;1,07;0,39;-0,27;-0,48;-1,33;0,13;-0,65;0,04;0,07;0,16;-0,55;-0,43;-0,57;0,68;0,57;0,33;0,07;-0,03;0,47;2,26
0,26;1,55;1,61;0,24;-0,48;-0,07;-1,23;-0,7;-0,66;-0,73;-1,86;0,1;1,53;0,1;1,55;-0,54;1,17;1,17;-2,29;1,14;1,78;-4,49;2,02;2,19;-2,63;-1,44;-2,07;-0,08;0,69;-0,94;-1,7;-2,37;-0,52;0,51;0,25;-1,29;-1,5;-0,56;0,29;0,1;0,08;-0,7;-0,46;2,69;-0,45;-0,31;-1,51;-1,54;-2,13;-0,23;0,01;0,86;2,12;-1;2,22;-0,48;1,82;2,87;0,14;0,56;2,02;-0,74;0,74;-0,6;0,08;0,33;-0,26;-0,44;0,2;-0,14;-0,64;-1,49;-1,77;-0,47;0,18;1,54;-2,09;0,6;-0,71;-0,76;-0,99;-0,46;-0,31;-0,1;0,34;0,93;0,36;1,34;-1,8;-0,77;3,2;0,77;0,94;1,78;-1,89;1,35;2,55
-1,11;2,58;2,81;-1,43;-0,47;-0,59;-0,8;-0,81;-0,94;0,88;-1,79;-0,77;0,11;-0,77;0,13;-0,67;4,81;4,8;-2,31;3,56;4,02;-1,68;2,07;2,12;-0,72;2,05;0,06;-0,84;1,24;-1,31;-2,02;-0,13;-0,53;0,93;1,03;-0,83;-2,26;-1,37;1,52;1,17;-0,1;-0,8;0,53;3,18;2,97;1,41;-3,23;-2,24;-0,84;0,35;0,38;-2,51;3,08;-1,98;1,72;-1,92;0,2;2,64;-0,22;2,3;1,37;-0,1;0,1;-2,09;-0,3;-1,09;0,52;-0,89;-0,86;-0,85;-0,53;-0,17;-1,26;0,37;1,15;3,75;-2,43;0,25;-0,25;-0,36;-0,79;0,17;0,39;0,39;0,27;0,56;0,09;1,89;-0,14;-0,93;2,07;0,93;3,29;3,06;-3,32;-1,76;2,58
0,34;-0,8;-0,85;-0,56;1,01;1,07;0,83;-0,55;-0,67;-0,6;-0,65;-0,29;0,55;-0,29;0,56;-0,99;1,12;1,11;0,54;0,71;0,55;-0,44;0,57;0,49;-2,05;0,56;-1,89;1,24;-0,55;0,1;-1,15;-0,66;-1,42;0,16;1,16;0,08;0,15;1,12;-0,23;-1,07;-1,57;0,83;-0,04;0,39;-1,3;-1,43;-2,14;-0,73;-1,85;-0,28;-0,47;1,25;0,66;-0,87;0,1;-0,32;-0,27;0,95;-0,01;0,98;0,78;0,36;-0,1;-0,09;-0,35;-0,14;-0,1;0,58;-0,08;-0,38;-1,03;-1,12;-0,56;-0,77;0,48;0,15;-1,97;1,45;0,51;0,37;-0,86;-0,34;-0,11;-0,55;-0,01;-0,08;-0,05;-0,85;0,15;-1,23;1,03;1,23;0;1,05;-1,19;-0,71;2,5
-0,53;-0,89;-0,87;-0,4;2,05;2,41;-0,21;2,32;2,36;-0,02;0,35;-0,32;1,63;-0,32;1,62;1,04;-1,91;-1,9;0,7;0,22;0,08;1,13;-0,05;-0,18;0,98;-0,14;1,61;-0,74;0,89;-0,98;0,19;0,88;0,31;0,21;0,96;-0,13;-0,5;-1,79;0,59;1,82;1,99;-0,86;0,1;-1,08;-0,65;-1,84;1,18;0,84;-0,03;-1,73;-0,42;0,6;-1,67;-0,15;-1,7;2,03;-1,72;-2,65;1,45;-1,57;0,02;1,53;-0,63;0,7;-0,66;-0,3;0,61;-0,44;-0,49;0,02;-0,3;0,01;-0,53;0,4;-0,11;-0,93;1,45;-0,34;-0,36;0,15;1,18;0,02;-0,01;0,31;-0,42;-0,78;-0,14;-1,36;-0,62;0,97;-1,14;-0,97;0,26;-2,64;2,96;-0,5;1,94
-0,81;1,17;1,33;0,22;-0,63;-0,78;-2,02;0,25;0,23;0,05;-0,76;-0,56;2,11;-0,56;2,11;-1,16;1,21;1,25;-0,94;1,88;1,91;-0,13;2,18;2,15;-1,04;-0,95;-0,8;-0,2;0,92;-1,32;-1,96;-0,6;-0,44;0,52;0,76;-0,61;-1,07;-0,95;0,58;0,75;0,64;-0,46;-0,01;-0,07;-1,54;-0,9;-3,02;-0,54;-1;1,48;-0,06;1,23;-0,08;-0,51;0,02;-0,36;-0,18;0,14;0,54;1,42;1,54;0,1;0,26;-0,53;-0,23;-0,12;-1,51;0,41;-0,48;-0,38;-0,39;-0,39;-0,51;0,35;0,43;2,43;-2,04;1,5;-0,34;-0,51;-0,67;0,35;-0,09;0,07;0,27;0,35;0,01;0,91;-1,87;-0,35;1,11;0,35;-0,07;0,9;-0,93;0,85;2,57
1,41;-0,15;-0,22;0,59;-0,02;-0,43;-0,45;-0,71;-0,67;-0,72;-0,7;0,4;0,49;0,4;0,5;-1,04;1,17;1,18;0,11;2,13;2,01;-0,63;0,79;0,79;-1,58;-1,14;-2,28;1,25;-0,58;0,22;-1,54;-1,34;-0,59;0,84;0,87;-0,95;-0,86;0,57;0,15;-1,02;-1,85;-0,08;-0,38;0,57;-1,76;-1,57;-1,29;-1,02;-0,41;0,72;-0,84;1,63;0,43;-0,05;0,73;0,15;0,13;0,51;-0,72;0,83;-0,45;-0,02;-0,49;0,74;-0,29;-0,07;-0,05;-0,32;-0,91;-0,53;-0,62;0,07;-0,6;0,03;0,23;0,43;-1,38;0,75;0,17;0,62;-0,58;0,12;-0,19;0,31;0,35;0,37;0,12;-0,45;0,11;-0,67;1,24;0,67;-0,03;0,91;-1,02;0,16;2,46
-0,12;1,2;1,15;1,01;1,89;1,63;-0,84;-0,66;-0,6;0,73;0,34;-0,95;0,89;-0,95;0,9;0,43;0,04;0,06;-0,2;2,13;1,64;1,55;1,15;1,02;-2,31;-1,38;-1,36;0,38;0,03;-0,26;-1,03;-1,71;-0,66;0,56;0,95;-0,04;-0,66;-1,1;0,82;1,05;0,93;-0,25;0,29;-0,61;-1,45;-0,38;-0,54;0,08;-2,24;-0,47;-0,52;1,37;-1,27;0,49;-2,05;2,3;0,02;-1,38;0,53;-2,37;-1,4;0,87;-0,66;-0,48;-0,15;-0,89;2,1;-0,6;-0,75;0,45;-0,57;-0,2;0,04;0,59;0,45;1,03;-0,52;0,75;0,45;0,36;0,04;0,04;-0,03;0,18;-0,2;-0,3;-0,19;-1,25;-1,59;-0,72;-0,63;0,72;0,55;-0,78;0,86;0,49;2,42
0,86;-0,67;-0,67;0,64;-0,53;-0,82;1;-0,2;-0,25;-1,34;-1,32;1,05;0,76;1,05;0,76;-0,95;1,71;1,71;0,96;0,56;0,46;-1,53;0,64;0,65;-0,64;0,82;-0,21;0,32;-0,19;0,3;-0,49;0,49;-1,18;1;1,81;0,3;0,21;0,86;-0,22;-0,49;-0,6;-0,76;-0,2;-0,04;-1,58;-0,91;-1,17;0,74;-0,47;-0,51;-0,24;0,57;1,18;-0,84;0,96;-0,24;0,55;1,72;0,29;0,95;0,8;-0,36;0,24;0,72;0,04;0,64;0,15;-0,08;-0,33;-0,85;-0,68;-0,41;-0,92;0,11;0,05;-0,4;-0,89;0,43;0,1;-0,72;-0,08;-0,54;-0,12;-0,16;-0,04;0,03;0,12;0,52;0,39;-0,92;0,69;0,92;-0,83;-0,38;0,42;-0,51;2,2
-0,15;-1,28;-1,32;-0,29;2,88;2,87;-0,69;3,14;3,17;0,35;-0,65;-0,88;0,14;-0,88;0,15;2,26;-1,6;-1,67;-1,73;-1,14;-1,01;-0,05;-1,48;-1,41;0,2;1,12;0,92;-0,5;0,81;-1,08;-0,31;0,74;-1,13;-0,58;0,78;1,54;0,61;-0,09;0,56;0,84;0,66;-0,01;-0,4;-0,08;-0,62;-0,13;0,92;0,45;0,28;-0,43;0,23;0,46;-1,57;0,02;0,01;-0,14;-0,63;-1,08;2,06;-0,43;0,1;1,72;0,32;-0,33;0,5;0,18;0,9;-0,61;-0,61;-0,47;-0,52;0,15;-0,13;-0,31;-0,59;-1,01;0,99;-0,23;0,35;0,32;0,78;-0,2;-0,34;-0,53;-0,45;-0,45;-0,04;-2,06;0,75;-0,28;-0,91;0,28;-0,08;-2,32;2,56;0,62;1,93
2,15;1,62;1,42;1,55;-0,36;-0,71;-0,49;0,01;0,06;0,53;-1,62;-2,02;-0,08;-2,03;-0,07;0,47;1,2;1,17;-0,93;0,85;0,93;-0,04;-0,02;-0,03;-1,21;-0,01;-1,72;1,08;-0,87;0,89;-1,51;-0,54;-0,88;0,77;1,02;-0,68;0,22;0,92;-0,84;-1,26;-0,96;-0,6;0,07;0,97;-0,72;-0,14;-1,79;-1,03;-0,61;1,58;0,1;-0,29;-0,01;-0,2;0,03;-1,51;-1,19;-0,74;0,14;1,74;-0,51;-0,02;0,45;0,95;0,62;0,99;0,07;1,06;0,47;0,49;0,33;-0,35;-0,43;-0,96;-0,61;-0,21;-0,71;0,75;-0,03;0,4;-0,35;0,05;-0,23;0,1;0,06;0,2;0,26;0,18;-1,03;0,63;-0,34;-0,63;0,78;0,88;-0,98;0,79;2,3
0,11;0,64;0,7;1,64;0,49;0;-2,6;0,23;0,27;0,48;-1,88;-1,27;2,12;-1,27;2,13;-1,01;1,9;1,91;-1,97;-0,13;0,28;-0,74;-0,11;-0,1;-2,51;1,06;-0,58;0,4;-0,47;0,72;-0,51;-1,1;-1,58;1,18;2,07;0,96;0,44;0,83;0,07;-0,28;-0,36;0,27;-0,99;1,3;-0,24;0,87;-0,98;-1,7;-1,14;-0,4;0,37;1,07;2,32;0,07;3,06;-0,9;2,2;2,5;2,25;2,03;1,56;1,17;0,64;0,61;0,22;0,97;0,9;-0,4;-0,66;-0,11;-0,44;-0,63;-0,02;-0,13;0,77;1,44;-2,69;0,58;-0,48;0,54;0,03;0,14;-0,05;-0,29;0,24;0,22;0,03;0,93;-1,78;-0,25;1,12;0,25;-0,79;-0,36;0,47;0,48;2,63
0,34;1,6;1,46;0,02;0,27;0,14;-0,9;0,88;0,84;0,67;-1,59;-2,37;2,57;-2,37;2,57;-0,96;2,63;2,64;-0,51;0,78;0,82;-0,8;-0,12;-0,11;-3,13;0,66;-0,91;-0,22;0,64;-0,83;-0,97;-2,72;-0,64;0,7;1,26;-0,11;-0,29;-0,7;0,1;0,85;1,16;-0,28;0,89;-0,4;-0,38;-1,44;-2,13;-0,13;-1,27;-2,23;-0,45;0,74;2,46;0,45;-1,24;0,29;0,46;0,15;1,86;1,26;0,64;2,88;-0,4;0,49;-0,5;-0,21;-0,14;0,38;0,05;-0,5;-0,1;-1,27;0,29;-0,29;0,83;-0,98;-1,79;1,24;0,36;0,84;-0,59;-0,53;0,15;-0,32;-0,03;-0,68;0,18;0,21;-0,7;0,53;0,08;-0,53;0,56;1,36;-1,43;1,79;2,72
1,72;-0,36;-0,59;1,06;1,25;0,56;0,32;-1,69;-1,76;0,32;-1,09;-1,16;0,49;-1,15;0,51;-1,91;0,72;0,74;0,94;0,93;0,75;-0,06;0,32;0,2;-2,69;0,61;-2,06;1,64;-1,39;1,39;-1,09;-1,66;-0,94;1,19;2,02;0,45;0,76;2,09;-0,62;-1,77;-2,18;-0,24;0,17;0,99;-0,82;-1,26;-3,42;-0,48;-3,85;-1,46;-0,56;0,79;1,88;-0,47;1,27;-0,38;1,33;2,67;-0,59;1,76;-0,1;0,31;-0,25;0,01;-0,08;-0,13;1,39;0,64;-0,45;0,02;-0,19;-0,94;0,12;0,21;0,4;-0,75;-2,71;1,73;0,56;1,23;-0,72;-0,21;-0,08;-0,66;-0,34;-0,05;-0,02;0,22;-0,26;-1,09;0,11;1,09;0,5;1,34;-1,49;0,22;2,59
-1,5;-0,56;-0,55;-0,12;1,92;2,26;0,45;2,57;2,7;-0,07;0,5;-1,8;4,08;-1,8;4,05;1,48;-5,74;-5,72;0,55;-1,29;-1,54;0,66;-1,95;-1,97;1,12;-2,04;1,73;-0,97;1,11;-1,42;-0,44;0,93;-0,01;-0,97;-0,75;-0,18;0,47;0,17;-0,55;-0,34;0,09;0,18;0,37;-1,38;-1,02;0,75;1,82;1,99;-0,36;-2,15;-0,61;1,32;-1,26;0,79;-0,27;0,58;0,56;-0,84;0,44;-1,7;0,67;0,05;-0,32;0,96;-0,45;0,16;-0,26;-0,61;-0,3;-0,1;-0,1;0,08;0,09;-0,39;0,54;0,64;-0,38;0,12;-0,74;0,27;0,72;-0,01;-0,08;0,25;-0,24;-1,1;-0,49;2,41;-0,63;-0,25;-0,36;0,25;1,54;-2,28;2,63;0,13;2,22
1,44;-1,43;-1,51;0,79;-0,72;-1,2;1,11;0,34;0,27;0,7;0,04;0,15;0,31;0,14;0,31;-2,13;0,23;0,26;0,54;-0,73;-0,86;0,58;-0,34;-0,3;0,48;0,91;0,32;0,74;-1,05;1,22;1,31;0,77;-0,25;0,02;0,48;-0,35;0,61;-0,09;-0,74;-0,32;0,62;-0,97;0,69;-0,45;-0,42;-0,94;-0,3;0,43;-1,2;-0,71;0,07;1,15;1,22;1,63;0,03;-0,13;1,52;0,67;-0,05;1,36;0,2;0,45;-0,16;1,04;-0,16;0,52;0,77;-0,1;-0,79;-0,63;-0,18;0,58;0,58;0,99;0,22;-1,4;-0,47;0,61;-0,44;0,29;0,25;0,01;0;0,08;-0,28;-0,4;-0,04;0,07;-0,22;0,48;-0,49;-0,48;-1,13;-1,32;1,46;-0,04;2,1
1,85;-0,76;-1,05;-1;0,32;1,11;0,46;-0,53;-0,37;-1,43;0,53;1,23;-0,01;1,24;-0,03;2,52;-0,65;-0,68;-3,94;2,71;3,69;0,07;1,3;1,16;2,52;0,83;1,67;-1,63;1,71;-1,62;-1,26;2,12;0,82;0,27;-0,23;-0,66;-2,75;-1,35;2,36;1,46;-1,61;1,35;0,54;1,58;2,69;1,1;3,09;0,86;2,46;1,66;2,05;-1,42;-0,17;-1,8;0,28;2,83;0,03;0,27;0,91;0,31;0,28;-0,11;0,27;-1,55;0,07;-0,59;0,01;-2,59;-0,33;-0,24;0,48;1,03;1,23;1,71;-0,48;0,53;2,65;-2,68;-0,85;-0,86;-0,28;0,03;0,03;1,09;0,14;0,85;0,36;-3,39;0,52;0,38;0,75;-0,38;1,73;0,25;-0,38;1,68;1,24
0,22;-0,58;-0,66;0,53;1,1;1,28;0,26;0,18;0,16;0,13;-0,72;-1,15;1,24;-1,15;1,24;0,11;-2;-2;0,94;-0,09;-0,25;0,84;-0,2;-0,31;-1,56;-0,89;-1;0,31;-0,04;-0,12;-0,84;-1,39;0,02;0,12;0,22;0,3;0,11;0,48;0,1;-0,25;-0,64;-0,01;-0,82;-1,73;0,85;0,14;-1,08;0,3;-1,32;-0,37;0,39;0,45;-2;-0,04;-0,52;1,55;0,84;0,17;-0,3;-0,72;0,17;0,34;0,21;0;0,18;0,27;0,06;0,44;0,37;0,59;0,35;-0,06;0,76;-0,53;0,02;-0,62;-0,57;0,69;-0,13;0,28;0,27;0,18;0,08;-0,02;-0,02;-0,27;-0,17;0,15;-0,8;-0,95;0,21;0,95;-1,05;-1,01;1,17;1,05;2,22
0,7;-1,1;-1,2;0,65;-0,63;-0,78;2,03;-1,06;-1,1;-0,39;-0,22;0,86;0,73;0,86;0,74;0,06;0,12;0,11;1,15;0,3;0,1;0,08;-0,24;-0,29;-0,04;0,11;-0,24;0,75;-0,72;0,63;0,05;0,06;-0,08;-0,29;0,23;0,28;0,52;0,71;-0,4;-0,48;-0,31;-0,43;-1,15;0,4;0,45;0,85;-0,57;0;-0,3;-0,08;-0,06;-0,45;-0,36;-0,44;0,17;-0,35;0,29;0,5;-0,32;0,59;0,53;-0,18;-0,18;0,52;-0,3;0,16;-0,63;-0,2;-0,08;0,07;-0,12;-0,16;-0,17;0,44;0,38;-0,49;-0,59;0,53;0,17;0,46;0;-0,17;0,07;0,13;-0,06;-0,08;-0,1;-0,22;0,78;-1,04;1,07;1,04;-0,99;0,16;-0,19;-0,41;2,12
1,45;-0,65;-0,72;0,75;-0,38;-0,62;-0,14;-0,15;-0,24;0,25;0,08;-0,23;-0,86;-0,23;-0,87;-0,83;0,6;0,62;-1,07;0,36;0,67;-0,73;0,26;0,23;-0,07;1,4;-0,29;0,57;-0,51;0,52;0,6;1,39;-0,76;-0,14;0,74;0,32;0,25;0,78;-0,12;-0,42;-0,88;0,07;0,28;0,95;0,43;-0,31;-1,07;-0,03;-1,26;-0,53;0,88;0,75;2,11;0,95;0,77;-0,13;2,6;2,81;0,24;2,11;-0,43;0,97;0,35;0,48;0,53;0,63;0,73;-0,12;-0,21;-0,53;-0,04;-0,28;0,62;0,56;-0,13;-1,02;-0,85;-0,42;-0,01;-0,44;-0,02;-0,08;0,12;-0,08;-0,25;0,11;0,12;-0,42;1,32;-0,47;1,3;0,47;0,23;-0,02;0,08;1,48;2,1
0,82;1,12;0,96;1,31;2,29;1,7;-0,95;0,15;0,05;0,33;-2,18;-2,8;0,92;-2,8;0,94;-0,69;1,16;1,14;0,21;0,15;0,08;-1,27;1,07;1,13;-3,9;1,02;-1,25;0,24;-0,18;0,53;-1,32;-1,27;-2,55;2;3,07;0,48;-0,01;0,13;0,33;0,11;-0,12;0,2;1,35;-0,32;-1,23;-0,3;-0,38;0,29;-0,99;-2,11;-0,24;1,71;1,81;-0,71;2,33;-0,47;0,79;1,94;1,85;-0,11;-1,07;1,27;-0,01;-0,48;0,31;-0,29;1,44;0,02;-1,04;-0,76;-0,02;-0,55;0,04;-0,39;0,15;-0,28;-0,83;0,74;0,48;-0,18;-0,36;-0,48;-0,3;-0,55;-0,35;-0,02;0,3;-1,29;0,59;-0,32;0,55;0,32;-0,38;-0,18;0,13;0,63;2,4
1,73;0,41;0,16;1,66;0,43;0,18;-0,44;0,28;0,28;-0,12;-1,85;-1,93;1,38;-1,93;1,4;-0,99;-0,15;-0,14;0,3;-0,13;-0,13;0;0,03;0,03;-1,21;-0,55;-1,23;0,53;-0,6;0,72;-0,62;-1,6;0,29;0,69;-0,06;-0,07;0,12;0,43;-0,33;-0,53;-0,31;-0,93;-0,32;1,38;1,02;-0,76;-1,08;0,06;-1,87;0,43;-0,63;-1,1;2,15;-0,46;0,54;-0,09;0,18;0,69;0,63;1,45;-0,07;0,53;0,05;0,44;0,11;0,3;0,6;0,34;0,51;0,49;0,54;-1,03;0,21;-0,59;0,42;-0,86;-1,03;0,24;0,24;0,25;0,01;-0,27;0,28;-0,33;0,09;-0,15;0,09;0,75;-0,72;1,19;0,55;-1,19;0,53;0,5;-0,44;2,14;2,42
0,56;-0,7;-0,77;0,83;0,94;0,68;-0,09;1,05;1,04;-0,08;-0,83;0,11;1,65;0,11;1,66;0,47;-1,36;-1,38;0,51;-1,67;-1,43;1,04;-1,27;-1,28;-1,65;-0,44;0,08;-0,28;-0,12;0,46;0,48;-1,55;0,41;0,66;0,3;0,95;0,81;0,73;-0,21;-0,39;-0,17;-0,8;-0,99;0,86;1,74;0,73;0;-0,5;-1,81;1,39;0,76;-1,02;-1,38;-1,06;-0,05;-0,2;-1,47;-1,61;0,2;-1,31;1,83;-0,46;0,46;0,44;-0,11;0,8;1,22;0,59;0,14;0,02;0,35;0,48;0,13;-0,2;0,57;1,43;-0,41;0,02;-0,23;0,43;0,49;0,38;-0,11;0,08;0,4;-0,16;-0,23;-0,03;-1,85;1,32;0,88;-1,32;-1,34;-1,29;1,47;1,45;2,17
0,55;-1;-1,12;0,39;0,35;-0,4;-0,23;0,25;0,08;0,04;-0,15;-0,36;0,44;-0,36;0,43;0,12;0,2;0,17;1,02;-0,25;-0,53;0,16;0,95;1,01;-1,28;0,52;-0,38;0,2;-0,48;0,85;-0,25;0,05;-1,18;0,99;0,94;0,28;0,56;1,01;-0,36;-1;-1,02;1,28;0,67;0,65;-0,34;0,69;-1,35;-0,29;-2,09;0,17;0,14;1,03;0,54;-0,17;2,88;-2,27;-0,31;0,75;-1,36;0,5;-0,13;-1,66;0,06;0,82;0,11;0,59;0,47;1,49;0,19;-0,5;-0,72;-1,03;-0,68;-0,32;0,09;-0,18;-1,09;1,24;0,36;0,47;-0,41;-0,5;-0,08;-0,72;-0,25;0,13;0,05;1,47;1,2;-0,29;0,88;0,29;0;0,4;-0,49;0,48;2,28
0,23;1,19;1,22;0,94;-0,99;-1,43;-0,52;-0,07;-0,05;0,02;-0,71;-0,06;1,21;-0,07;1,22;-1,41;1,81;1,8;-2,03;1,88;2,12;1,22;0,7;0,66;-0,7;0,93;-0,14;-0,32;0,18;0,07;-0,38;-0,85;-0,17;1,36;0,51;-0,67;-0,96;-0,04;0,3;-0,18;-0,5;0,7;-0,26;1,81;1,45;0,68;-1,02;-0,83;-0,46;-0,44;-0,5;-0,59;1,6;-0,73;0,31;-0,17;0,65;1,49;-0,42;1,68;0,71;-0,36;0,18;0,48;0,01;0,47;0,32;-0,25;0,34;-0,16;-0,63;-0,25;0,46;0,79;1,12;1,43;-1,03;0,59;-0,51;-0,16;-0,71;-0,29;0,27;0,28;0,51;0,07;0,2;0,36;-1,75;0,79;1,21;-0,79;1,74;0,97;-1,07;0,71;2,43
-1,38;-2,2;-2,01;1,31;-0,87;-1,24;1,9;-0,85;-0,9;-2,57;-1,56;1,04;0,7;1,03;0,7;-0,05;0,01;0,01;-0,39;-2,23;-2,03;-1,48;0,71;0,83;0,86;0,14;0,36;0,4;-0,35;0,35;-0,26;0,89;-0,36;0,26;0,78;-0,56;0,56;-1,19;-0,83;0,31;1,93;0,65;1,51;-1,72;-2,06;-1,82;2,75;0,59;1,96;-0,72;-1,47;2,22;-0,39;0,79;-0,48;0,85;2,95;1,74;-2,67;0,37;0,86;-0,23;0,16;0,3;-0,13;0,37;0,35;1,38;1,48;-0,12;0,11;-1,59;-1,51;0,75;0,11;-1,46;-0,59;0,41;0,7;-0,54;-0,24;-0,72;0,05;0,12;0,08;0,09;-0,02;-0,77;-0,28;1,19;-0,14;-1,19;-0,3;0,9;-0,93;0,26;2,18
0,02;-0,72;-0,74;0,09;0,73;0,77;-1,19;1,06;1,08;0,99;1,07;-0,79;1,61;-0,79;1,59;1,56;0,1;0,1;0,53;-1,53;-1,61;-0,39;-0,34;-0,24;-0,86;-0,24;0,05;-0,15;0,23;-0,25;-0,58;-0,49;-0,54;0;0,58;1,94;1,11;-0,05;0,32;1,22;1,21;0,66;0,26;-2,38;0,75;0,07;1,19;0,96;1,03;-0,86;0,93;0,49;0,22;0,71;-0,01;1,43;0,34;0,45;2,23;-0,31;0,02;2,7;-0,05;0,81;-0,09;0,35;-1,44;-0,59;-0,45;-0,37;0,48;0,06;1,1;1,04;0,09;-1,24;0,07;0,33;0,18;0,18;0,27;0,14;0,07;0,15;-0,5;-0,32;-0,03;-0,98;-0,9;0,44;-1,58;-0,44;-1,32;-0,69;0,73;-0,31;2,13
1,09;1,66;1,59;0,95;0,08;-0,44;0,7;-1,35;-1,34;0,6;1,97;1,72;-0,97;1,73;-0,98;1,25;-1,4;-1,4;-0,46;1,19;1,31;-3,13;-0,72;-0,55;1,29;0,2;0,64;0,85;-1,37;1,69;1,48;1,43;-0,28;0,43;0,43;0,43;-0,49;-0,15;0,92;-0,02;-1,07;1,03;2,11;-1,01;-0,8;0,22;1,15;0,67;-0,27;2,28;0,31;-0,22;-2,15;-0,28;1,28;-0,95;-1,15;-1,77;0,49;-1,84;-1;0,75;-0,36;1,14;-0,02;0,36;-0,83;1,84;0,83;0,44;0,41;-0,02;-0,28;-0,45;-1,17;0,2;0,75;0,68;-0,4;0,44;0,03;-0,17;0,01;-0,24;-0,26;0,16;-0,01;-0,33;-0,98;0,87;0,4;-0,87;-0,49;0,41;-0,46;-1,03;1,87
0,02;-0,22;-0,16;0,54;0,64;0,46;0,43;0,27;0,24;-0,54;0,08;0,19;0,35;0,19;0,35;0,4;-1,05;-1,04;0,12;-0,2;-0,18;1,01;-0,13;-0,16;-1,03;-1,46;-0,16;-0,15;0,2;-0,23;0,23;-0,87;-0,11;0,28;0,25;0,36;-0,37;-0,99;0,66;1,1;1,03;-0,24;-0,42;-0,06;0,85;0,67;0,65;0,29;-0,45;1,01;0,51;-0,3;-0,91;0,52;-0,32;1,31;0,18;-0,65;-1,08;-0,49;-0,25;-0,3;-0,36;0,82;-0,28;0,1;0,4;0,14;-0,26;0,13;0,21;0,71;0,56;-0,03;0,07;0,17;0,66;0,42;0;-0,35;0,08;0,37;0,22;0,07;-0,23;-0,07;0,04;-0,36;0,22;0,32;1,25;-0,32;-0,03;0,3;-0,31;1,06;2,01
-0,03;0;-0,04;1,3;0,16;-0,38;-1,09;-0,21;-0,22;-0,41;-0,45;1,2;1,57;1,21;1,58;1,79;-1,6;-1,59;-1,28;0,45;0,67;0,45;1,44;1,37;-1,1;-0,03;-0,05;-0,54;0,49;-0,3;-0,45;-0,84;-0,31;0,71;0,59;0,44;0,55;0,39;-0,49;0,06;0,58;0,9;-1,55;-0,99;0,1;-0,68;0,62;0,16;-1,12;0,5;0,28;0,51;-1,61;-0,73;0,59;0,7;0,8;0,32;-0,15;-0,96;-0,18;0,58;0,3;0;0,4;0,4;0,49;0,3;0,67;0,17;-0,45;-0,67;0,72;0,77;-0,06;1,67;-0,93;-0,2;-0,26;-0,07;-0,66;-0,43;-0,19;0,09;0,04;0,45;-0,15;-1,83;-1,01;-0,53;1,35;0,53;-0,42;-0,19;0,15;-1,67;2,17
2;1,22;0,98;0,87;-1,02;-1,65;-0,69;-0,29;-0,32;0,09;-0,96;-0,33;1,19;-0,33;1,19;0,93;1,07;1,05;-0,44;-0,37;-0,43;-1,04;1,11;1,15;-0,52;1,32;-0,15;0,35;-0,3;0,34;0,08;0,79;-1,34;0,42;1,02;2,67;1,41;1,24;0,34;0,26;-0,02;1;-1,29;-0,98;0,73;-0,24;0,27;1,04;1,57;-0,19;0,82;0,12;0,93;0,16;0,03;1,83;2,1;1,24;1,1;-0,13;-1,01;1,4;-0,23;1,46;0,06;0,62;0,42;-0,02;0,12;0,29;0,38;0,97;1,11;0,81;0,81;-0,44;-0,99;0,16;-0,68;0,29;-0,13;0,49;0,23;0,15;0,24;0,19;-0,03;0,97;-0,08;0,37;-1,08;-0,37;-1,13;0,48;-0,63;0,27;2,09
0,4;-1,33;-1,35;0,82;-0,73;-1,31;0,38;0,42;0,33;-1,77;-0,31;1,32;1,2;1,32;1,19;-0,1;0,94;0,94;-0,5;1,11;1,21;-0,3;0,39;0,32;-0,38;0,93;0,91;-0,31;0,27;-0,19;0,35;1,31;-1,57;0,34;1,35;0,49;0,34;0,33;-0,13;0,12;-0,06;0,28;-0,66;-0,21;-1,36;-0,8;0,79;0,57;-0,3;-0,29;-0,63;0,48;-0,37;-0,67;-0,25;-0,51;-0,2;0,49;-0,49;-0,33;0,21;0,08;0,3;1,18;0,23;1,07;-0,21;0,75;0,17;-0,45;-0,67;-0,51;-0,05;0,27;-0,1;1,24;-0,21;0,69;0,02;-0,71;-0,44;-0,22;-0,27;0,09;-0,1;0,28;0,13;-0,22;-0,39;-0,57;0,55;0,57;-0,36;-0,13;0,07;0,76;2,15
-0,31;-0,17;-0,21;0,61;0,27;0,31;-0,51;-0,87;-0,76;-0,74;0,73;1,13;0,35;1,13;0,33;1,29;-0,06;-0,07;-0,51;0,46;0,86;0,2;0,15;0,11;1,63;0,64;1,18;-0,43;0,29;-0,24;0,19;0,83;0,32;-0,26;-0,13;-0,73;-1,52;-1,15;1,09;0,61;-0,37;0,74;0,33;-0,32;0,03;-0,11;1,73;-0,02;-0,42;0,14;-0,17;0,19;-0,94;-0,29;-0,44;1,06;-1,47;-2,43;0,65;-1,61;0,53;1;0,08;0,53;-0,21;0,37;0,06;-0,24;0,32;0,21;0,56;0,67;1,34;-0,09;-0,48;0,43;1,78;-1,26;-0,52;-0,44;-0,29;-0,14;0,24;0,13;-0,1;0,23;0,19;-2,5;-0,94;1,21;0,46;-1,21;1,71;0,25;-0,32;1,3;1,69
-3,3;-1,16;-0,85;0,13;2,43;2,21;0,7;0,68;0,64;0,31;0,96;-1,28;2,19;-1,28;2,17;1,09;-3,86;-3,82;1,11;-0,36;-0,98;2,45;0,15;-0,08;3,16;-0,99;0,58;0,73;-0,53;0,27;0,54;2,2;1,22;-0,63;-0,5;0,64;0,48;-1,61;0,1;1,83;2,56;0,8;1,58;-3,34;-0,66;1,31;1,86;2,89;0,98;-0,99;0,59;0,49;-4,46;0,37;-1,65;1,57;-0,76;-2,61;1,43;-3,17;-1,79;0,79;-0,98;-0,55;-0,43;-1,31;-2,32;2,36;1,54;0,85;-0,16;-1,3;-0,86;-0,36;0,77;-1,21;1,08;1,5;0,79;0,87;0,17;-0,41;-0,13;-0,2;-0,22;-1,15;-0,53;0,21;0,63;2,42;-1,84;-2,42;0,08;-0,69;0,78;0,58;2,1
-0,18;0,4;0,35;0,89;-0,01;-0,42;-0,27;-0,2;-0,17;-0,01;0,07;0,57;0,89;0,57;0,88;0,72;-0,3;-0,28;0,7;-0,02;-0,16;1,17;0,73;0,66;0,83;-0,64;0,84;-0,25;0,15;-0,14;0,31;0,1;0,37;-0,03;-0,02;0,61;0,09;-0,27;0,4;0,54;0,39;-0,22;0,47;-2,16;0,77;-0,25;0,09;0,86;-0,69;-0,32;0,69;0,56;-0,6;0,22;-0,76;1,22;-0,73;-1,44;-0,31;-1,55;-0,65;0,88;-0,2;0,43;0,05;0,06;-0,41;-0,71;-0,33;0,46;0,74;0,33;0,6;0,65;0,05;-0,58;0,51;-0,28;-0,18;0,94;0,21;0,09;0,07;-0,39;-0,27;-0,2;-0,07;0,43;-0,11;1,05;-0,83;-1,05;1,36;-0,12;0,13;1,13;2
-0,22;-0,7;-0,73;0,49;-0,37;-0,31;0,09;0,44;0,58;-0,54;0,47;1,27;0,93;1,27;0,92;1,41;-0,06;-0,08;-0,01;0,85;0,9;0,98;-0,53;-0,62;1,35;-1,02;0,98;-0,49;0,55;-0,66;0,32;0,58;0,57;-0,28;-0,34;0,18;-0,2;-0,48;0,34;0,66;0,39;-0,81;-0,27;-2,24;0,23;0,23;1,55;0,41;0,65;-0,09;0,36;0,03;-2,2;-0,6;-1,53;0,88;-2,34;-3,4;0,36;-2,47;0,25;1,16;0,05;0,51;0;0,39;-0,83;-0,89;-0,04;0,09;0,04;0,33;0,48;0,48;-0,34;-0,33;1,59;-0,75;0,03;0,46;0,46;-0,26;0,16;0;-0,17;-0,29;-0,03;-0,63;-0,76;0,02;-0,9;-0,02;1,07;-1,11;1,21;0,8;1,77
-0,35;-0,34;-0,31;-0,4;-0,08;-0,48;-0,14;-0,18;-0,2;-0,09;0,53;1,41;-1,61;1,41;-1,61;0,72;1,12;1,09;0,28;-1,08;-0,87;-0,04;-0,52;-0,47;0,56;0,48;0,48;-0,45;0,35;-0,32;1,32;0,19;0,54;-0,42;-0,61;-0,17;0,09;-0,3;-0,19;0,36;0,65;-0,19;0,43;0,82;1,76;0,98;0,33;-0,45;-0,11;0,03;0,78;-1,03;0,6;0;-0,54;-0,1;0,7;0,67;-0,22;0,29;0,49;-0,27;0,28;0,74;0,09;0,71;-0,86;-0,76;-0,53;-0,04;0,59;1,54;0,33;0,18;-0,83;-1,02;1,99;-0,68;-0,19;0,2;0,07;0,49;-0,25;0,09;-0,21;0,26;0,41;-0,18;1,51;0,33;-0,52;-0,33;0,57;0,35;-0,51;0,63;1,61
-1,76;-0,43;-0,21;1,02;-0,27;-0,78;0,27;-1,01;-1,07;-1,09;-0,06;1,99;0,55;1,99;0,56;0,06;-1,61;-1,57;-1,52;-0,69;-0,52;1,27;-0,21;-0,29;3;1,38;1,89;-0,26;-0,21;0,44;1,15;2,79;0,45;-0,61;-0,59;1,08;1,14;0,17;-0,37;0,52;1,34;0,79;-2,23;0,24;-0,06;0,76;-0,24;0,58;-0,9;1,1;0,72;0,97;-0,36;0,71;-0,95;-1,04;0,15;-0,57;0,77;0,46;0,44;0,88;0,38;0,32;0,26;0,59;-0,6;-1,17;-0,12;0,56;-0,29;-0,08;0,87;1,36;0,13;0,34;0,18;-0,58;-0,13;0,5;0,3;0,05;-0,04;0,43;0,28;-0,04;-0,27;1,03;-0,83;0,07;0,74;-0,07;-0,73;-1,23;1,31;-0,82;1,89
-1,78;-1,25;-1,06;-0,19;2,55;2,35;0,23;1,91;1,92;0,2;1,51;0,04;0,83;0,04;0,81;2,43;-3,9;-3,9;0,58;-1,31;-1,41;2,1;-0,42;-0,53;1,34;-1,18;0,49;-0,24;0,09;0,01;-0,48;-0,18;1,97;0,24;-0,83;0,09;0,32;-1,17;-0,09;1,12;2,01;-0,24;-0,41;-1,53;0,75;1,55;1,49;0,79;-0,05;-1,1;-0,11;-0,87;-5,28;0,2;-2,21;1,02;-1,91;-3,91;0,57;-2,65;-0,29;0,23;-0,24;0,48;-0,13;0,01;-0,55;-0,43;0,25;0,29;0,44;0,51;-0,64;-2,01;-0,07;0,48;1,64;-0,48;0,32;0,41;1,08;0,33;-0,57;-0,4;-0,2;-1,04;-0,39;-0,95;0,01;1,56;-0,72;-1,56;-1,37;-2,98;3,33;0,13;1,97
-0,25;-0,89;-0,8;-0,33;0;-0,02;0,03;0,14;0,14;0,34;0,07;0,09;0,14;0,09;0,14;0,39;0,87;0,85;-0,21;-1,72;-1,54;-0,37;0,47;0,45;-0,29;-0,58;-0,7;0,36;-0,16;-0,07;0,5;0,24;-0,17;-0,93;-0,65;1,09;0,8;0,44;-0,06;0,21;0,24;-0,29;-1,07;0,01;1,21;0,39;-0,1;-0,66;0,25;1,42;0,83;-1,19;-0,31;0,07;-0,83;0,96;1,79;1,23;0,35;0,58;0,33;-0,35;0,17;0,26;-0,07;0,33;-1,39;0,94;0,3;-0,14;0,61;0,84;0,15;-0,13;-0,31;-0,82;0,33;0,11;0,46;-0,29;0,1;0,38;-0,01;0,13;0,09;0,2;0,08;1,11;0,81;0,74;-0,83;-0,74;-0,96;0,14;-0,23;0,57;1,86
-0,36;0,17;0,18;0,5;0,53;0,31;0,48;0,56;0,46;-0,91;0,05;0,94;0,59;0,94;0,6;0,63;-0,5;-0,49;1,57;-0,59;-0,68;0,69;0,45;0,43;-0,39;0,65;0,4;0,07;-0,18;0,3;0,02;0,08;-0,28;0,38;0,88;1,27;0,93;0,58;-0,13;-0,1;0,21;-0,93;0,35;-0,81;-0,14;-0,05;-1,12;0,6;-1,64;-0,85;0,3;0,49;-0,79;-0,93;0;-0,7;-1,73;-0,99;0,71;-0,97;-0,57;0,05;-0,28;0,73;-0,11;0,1;-0,39;0,74;-0,34;-0,36;-0,13;-0,43;-0,03;-0,07;-0,1;0,21;-0,33;1,07;0,45;0,33;-0,15;-0,4;0,21;-0,27;-0,15;-0,36;-0,14;-0,09;-0,82;1,02;0,33;-1,02;0,63;0,41;-0,44;-0,25;2,23
-0,99;0,71;0,81;0,76;-0,38;-0,45;-0,17;-2,23;-2,21;-0,84;0,72;1,6;0,01;1,59;0;-0,76;-0,53;-0,52;-0,89;0,54;0,65;-0,74;-0,1;-0,14;2,63;0,89;0,84;1,14;-1,8;2,1;1,79;2,35;0,43;-0,07;-0,48;-0,53;-0,83;0,34;0,66;-0,84;-2,24;0,67;-1,34;-1,22;-0,23;-0,97;1,89;0,63;0,63;2,24;-1,56;-0,12;0,04;0,07;1,8;-1,23;0,83;1,03;1,38;-0,39;-1,02;1,02;-0,4;1,47;-0,16;0,41;-1,94;1,6;1,08;0,76;-0,09;-0,92;0,21;0,39;-0,12;-1,08;0,41;0,67;-0,29;0,44;0;-0,19;0,15;0,36;0,09;0,35;-0,02;1,68;-0,53;0,95;-0,08;-0,95;0,9;-0,28;0,3;-1,72;1,88
-0,01;-0,57;-0,58;-0,55;0,47;0,79;0,93;1,24;1,11;-0,98;-0,51;-0,43;1,63;-0,43;1,62;0,27;-0,6;-0,59;-0,62;-1,96;-1,88;0,92;0,23;0,28;1,31;1,09;1,91;-1,09;1,07;-1,18;0,01;1,48;0,13;-0,93;-0,3;1,33;0,22;-1,66;0,83;2,31;2,81;0,56;-1,66;-0,92;-0,15;0,27;1,3;0,64;1,33;0,74;0,73;0,55;-1,75;0,25;-0,95;0,34;-0,52;-0,43;0,87;-0,64;1,54;1,19;0,24;-1,47;-0,29;-0,71;-2,74;0,47;0,77;0,71;0,6;-0,43;-0,19;-0,46;0,35;0,16;0,43;-0,68;0,57;-0,35;0,33;0,53;-0,24;0,05;0,04;-0,33;-0,21;0,61;1,61;0,39;-1,86;-0,39;-0,19;-0,41;0,52;-0,44;1,92
-1,89;-0,67;-0,44;-1,18;-0,04;0,09;-0,76;0,84;0,84;-0,58;-0,05;0,12;-0,16;0,12;-0,16;-1,19;-0,84;-0,81;0,72;0,08;-0,34;1,46;-1,37;-1,41;2,72;-0,8;2,72;-1,9;1,4;-1,25;1,54;1,55;1,45;-1,15;-2,2;-1,06;-0,49;-0,81;0,12;-0,05;-0,13;-0,39;0,27;-2,5;-1,44;-1,14;1,52;0,12;2,72;-0,68;-1,34;0,85;-0,75;0,92;-1,14;0,75;0,16;-0,92;-0,31;0,68;-1,21;-0,3;-0,16;-2,52;0,28;-1,53;-0,02;-1,15;-0,29;-0,3;-0,21;1,23;0,7;0,14;-0,89;0,41;1,03;0;-0,33;0,03;0,04;0,41;0,17;0,04;0,12;-0,62;-0,16;0,02;-2,07;0,67;-2,22;-0,67;-1,48;-0,12;0,13;-2,19;2,04
-1,33;-3,66;-3,78;-4,58;-1,95;-0,55;-0,28;-0,39;-0,28;1,09;0,68;-1,07;-1,14;-1,07;-1,13;0,07;-3,12;-3,1;0,15;1,54;1,5;4,07;0,19;-0,04;6,48;0,3;2,41;0,72;-0,71;0,23;1,88;4,55;1,64;-2,1;-1,96;1,26;1,18;1,28;-0,42;-1;-0,62;-0,5;1,19;-1,22;-0,11;1;2,28;1,09;2,03;-3,96;-0,57;1,34;-0,96;0,24;1,88;-0,99;-0,14;-0,9;-1,13;-1,21;-0,54;-0,67;-0,25;-4,51;-0,09;-2,99;4,4;-0,79;0,05;0,11;0,39;-0,04;0,5;0,33;0,78;-0,7;-0,19;-1;-0,19;-0,74;-0,19;0,26;0,19;0,01;0,62;-0,35;-0,73;0,31;-0,05;0,52;-1,23;-0,52;0,52;0,59;-0,55;0,97;2,07
-0,77;0,38;0,37;-0,25;-1,03;-0,69;-1,73;-1,25;-1,23;-2,14;0,66;2,35;-0,05;2,35;-0,06;-1,24;-0,07;-0,03;0,41;-0,99;-1,26;0,86;0,27;0,17;1,5;-0,14;1,49;-1,53;0,84;-0,48;0,79;-0,41;2,2;-0,93;-2,57;-0,92;0,52;1,02;-1,09;-1,45;-1,01;-0,47;-0,47;-0,87;-1,44;-0,45;1,5;-1,21;0,26;-0,35;-2,06;0,63;-0,32;1,07;1,28;-2,02;0,96;1,14;0,5;1,38;-0,83;-1,36;-0,14;-1,09;0,2;-0,8;0;-1,1;-0,66;-0,17;-0,77;0,22;-0,38;0,9;0,32;1,88;-1,72;-1,23;-0,12;0,08;0,47;0,62;0,3;-0,04;0,06;-0,26;-0,44;1,82;0,34;-2,7;0,26;2,7;-2,58;-0,36;0,55;-0,86;2,38
3,83;0,84;0,31;-0,92;0,42;0,4;0,36;-3,14;-3,17;-0,08;0,55;1,54;-2,48;1,55;-2,48;-1,71;1,37;1,41;-0,49;0,56;0,68;0,19;-1,17;-1,11;-1,37;-0,18;-0,8;-0,1;0,8;-1,33;-0,05;1,02;-1,92;-1,09;0,18;3,85;2,09;0,23;0,29;2,4;2,8;1,21;-2,9;-0,49;1,76;0,77;0,01;0,58;0,77;-1,75;0,9;0,05;-0,23;1,24;-1,62;0,41;2,18;0,91;-3,04;1,75;1,21;-2,16;0,31;-2,4;-0,01;-0,98;-0,13;-1,33;-0,91;-0,16;1,4;1,76;1,07;1,51;-0,03;0,57;0,35;-2,69;-1,25;0,23;0,8;0,66;0,22;0,33;-0,01;-0,26;0,08;2,42;2,18;3,22;-2,6;-3,22;2,75;0;0,07;1,44;2,06
-0,69;-0,89;-0,87;-1,28;-0,77;-0,09;-0,13;1,7;1,78;-1,46;0,3;1,36;0,1;1,36;0,09;0,86;-0,82;-0,83;-0,48;-0,45;-0,23;-0,3;-1,31;-1,26;2,22;1,55;2,08;-0,93;0,98;-1,12;0,61;1,63;0,43;-0,65;-0,2;1,91;1,04;0;0,23;1,08;1,32;1,02;-0,89;-1,99;0,31;0,22;1,51;1,06;1,96;-0,17;1,08;0,35;0,7;-0,89;-1,15;0,99;-0,8;-0,31;1,45;-1,62;0,72;2,21;0,17;0,03;-0,08;0,18;-0,86;-0,96;-0,85;-0,36;-0,07;0,42;1,62;1,07;0,23;0,44;1,6;-1,16;0,26;0,17;0,46;0,33;0,12;0,54;0,3;-0,08;-0,03;-0,37;0,77;-0,74;-2,29;0,74;0,53;-1,4;1,5;-0,06;1,61
-0,71;0,09;0,13;0,28;0,51;0,53;-1,34;1,54;1,55;0,15;0,37;-1,52;1,09;-1,53;1,08;0,64;-0,23;-0,23;0,89;-1,13;-1,09;-0,35;-0,58;-0,55;-0,18;0,38;0,71;-0,78;0,48;-0,31;0,34;-0,63;0,44;-0,66;-0,7;0,52;-0,14;-1,04;0,58;1,36;1,29;0,32;0,03;-0,34;1,15;0,83;0,64;0,46;0,11;0,13;0,66;-0,49;0,47;-0,2;0,23;0,46;-0,73;-0,58;2,74;-1,43;1,01;1,1;0,42;-0,66;-0,04;0,05;-1,96;0,2;0,49;0,52;0,05;-0,15;0,74;-0,17;0,1;0;1,49;0,07;0,41;-0,3;-0,12;-0,07;0,01;0,3;-0,23;0,1;0,22;-0,74;-0,7;1,03;-1,25;-1,03;1,13;-0,17;0,08;1,99;1,78
-0,9;-0,9;-0,77;-1,11;0,47;0,95;2,11;0,04;0,04;-0,64;0,44;1,79;0,68;1,78;0,68;1,02;-0,36;-0,39;0,28;-1,43;-0,96;0,04;-1,52;-1,5;-1,2;1,17;0,54;-0,44;0,13;0,11;0,7;-0,61;-0,36;0,51;0,79;1,26;0,57;1,47;0,14;-0,62;-1,12;-1,01;-1,66;0,1;1,04;0,65;0,67;0,91;-0,57;0,87;0,41;-1,15;0,63;-1,02;0,16;0,2;-2,56;-1,67;1,25;-3,55;-0,14;-0,47;-0,28;-0,28;-0,22;-0,51;0,94;-0,42;-0,07;-0,57;-0,14;0,02;0,89;0,97;1,6;0,7;-0,49;-0,39;-0,49;-1,15;-0,09;0,09;0,16;0,03;-0,16;-0,36;-0,42;-1,78;-0,44;0,27;0,57;-0,27;2,11;-0,26;0,33;-1,39;2,11
1,07;1,05;0,9;0,7;-1,32;-1,45;0,62;0,33;0,31;0,68;-0,01;-0,77;-0,5;-0,78;-0,5;0,07;1,4;1,36;-0,85;0,03;0,17;0,98;-0,65;-0,6;-1,05;-0,42;-0,28;0,53;-0,82;0,95;0,63;-0,33;-1,07;0,21;0,3;0,08;1,41;0,78;-1,8;-0,6;1,6;-0,25;0,96;1,83;1,37;0,72;0,75;0,18;-0,94;-1,64;-1,87;-2,07;3,03;-0,06;0,59;-2,76;-0,77;1,2;-0,82;2,36;-0,32;-0,79;-0,12;1,92;-0,02;0,98;-0,21;0,93;0,46;0,59;0,3;0,31;-1,1;-0,8;-0,07;1,26;-0,68;-0,04;0,03;0,28;-0,26;0,32;-0,12;-0,08;-0,31;0,15;0,25;1,64;-0,19;0,91;0,88;-0,91;1,44;1,78;-2,01;1;2,26
0,94;-0,02;-0,17;0,81;-0,02;-0,22;0,15;-0,11;-0,24;-0,02;-1,09;0,16;1,21;0,16;1,23;0,21;0,77;0,76;-1,27;-1,11;-0,97;0,95;-0,14;-0,12;-0,5;0,97;0,4;0,04;-0,45;0,77;0,46;-0,2;-0,09;0,46;0,46;2,11;1,74;1,35;-0,58;-0,05;0,58;0,07;-3,28;1,65;0,23;-0,4;0,48;-0,57;0,25;0,15;-0,01;-0,39;0,37;-0,58;-0,13;-0,81;0,83;1,81;1,48;1,16;0,37;1,6;0,06;-0,74;0,1;-0,3;1,29;0,5;0,33;-0,12;-0,38;-0,88;0,53;0,72;0,03;0,23;-1,3;0,83;0,4;0,25;-0,21;-0,28;0,2;0;0,09;-0,3;-0,14;-0,02;0,15;-0,88;0,03;0,88;-0,14;0,61;-0,66;-1,95;2,36
-0,19;0,9;0,87;0,77;0,95;0,54;0,18;1,88;1,89;-0,94;0,75;1;0,6;1;0,58;1,11;-2,87;-2,87;0,43;-1,46;-1,43;1,89;0,66;0,65;0,15;0,35;1,93;-1,7;0,98;-0,34;0,94;-0,91;1,07;1,1;0,16;0,07;-0,72;-0,62;0,85;0,54;-0,14;0,57;0,2;0,49;1,35;1,1;1,54;0,06;0,7;2,07;0,74;-1,35;-1,52;-1,02;0,64;-0,79;-1,34;-0,93;-1,31;-1,79;-0,27;-1,14;-0,3;0,08;-0,29;-0,26;-0,67;-1,42;-0,47;0,36;0,5;1,59;1,02;0,42;0,15;1,37;1,51;-1,89;-0,13;0,12;0,34;1,01;-0,22;0,13;-0,08;-0,3;0;-0,54;1,06;2,21;-0,42;-2,21;0,46;-1,04;1,13;-0,06;1,79
0,42;1,66;1,65;0,87;0,38;0,18;-0,25;1,46;1,44;-0,93;0,14;1,31;0,23;1,31;0,23;-0,4;0,11;0,11;-0,67;0,1;0,31;1,12;1,27;1,24;-0,19;0,96;0,72;-0,81;0,82;-0,67;-0,35;0,27;-0,24;0,82;1,01;0,5;-0,25;0,39;0,37;-0,12;-0,48;0,24;0,98;1,98;0,89;0,12;-0,69;-0,28;-0,84;1,58;0,14;-1,66;1,34;-2,22;0,3;-1,4;-1,99;-0,72;-1,05;-0,52;0,06;-1,18;0,06;0,4;0;0,27;0,74;-0,37;0,44;0,43;0,25;-0,3;-0,02;-0,77;0,14;1,89;-0,26;-0,27;0,07;-0,04;-0,47;0,17;0,09;-0,04;0,09;-0,17;0,12;0,61;-1,03;1,7;0,15;-1,7;2,57;1,6;-1,71;-0,16;2,21
-0,52;1,33;1,31;0,03;0,22;0,14;0,25;0,81;0,83;-0,02;1,77;0,3;-0,18;0,3;-0,2;0,93;-3,43;-3,41;0,6;-1,1;-1,12;2,61;-0,74;-0,82;1,83;-0,14;1,72;-1,29;0,83;-0,57;0,76;0,28;2,1;-0,05;-1,28;-1,41;-1,13;-0,88;0,22;0,02;-0,36;1,05;0,65;-1,08;2,04;1,25;0,49;0,76;0,97;2,04;1,37;-0,77;-2,28;0,41;-1,34;0,17;-2;-2,98;-0,9;-1,39;-1,29;-0,36;-0,55;-0,02;-0,23;-0,62;-1,57;-1,47;-0,52;0,51;0,29;2,26;2,21;1,49;0,36;1,2;2,12;-1,83;-0,57;-0,26;-0,08;1,14;0,36;0,27;-0,18;-0,24;-0,1;-1,44;1,27;2,24;-0,57;-2,24;1,16;0,07;-0,1;-1,53;1,68
1,65;-0,38;-0,55;1,26;0,93;0,68;0,05;-0,86;-0,82;-0,44;0,4;1,37;-1,05;1,37;-1,05;1,52;-0,64;-0,69;1,21;-0,24;-0,48;-0,14;-0,08;-0,13;0,46;0,54;0,06;0,04;-0,48;0,76;0,41;0,72;0,57;-0,21;-0,74;-1,17;-0,84;1,42;0,22;-2,14;-3,88;-0,18;-0,91;1,96;1,02;0,76;1,08;-0,38;-0,31;1,52;-0,75;-2,27;0,79;-0,71;0,64;-0,79;0,91;1,94;-0,55;1,43;-0,62;-1,15;-0,4;1,62;-0,31;0,54;-0,49;-1,34;0,09;0,1;0,26;0,2;0,33;0,32;0,41;-0,19;0,14;-1,48;0,93;-0,82;0,04;0,15;0,16;-0,13;-0,41;0,39;0;-2,3;0,72;1,56;-0,36;-1,56;1,21;-0,1;0,19;-1,58;1,93
-0,79;1,49;1,67;-0,09;3,06;2,95;0,11;0,91;0,84;0,31;1,21;0,73;0,51;0,73;0,5;0,72;-2,89;-2,89;0,71;-1,34;-1,54;1,18;-0,78;-0,8;1,63;-0,74;1,49;-0,96;1,11;-1,3;-0,19;1,42;0,56;-0,9;-0,48;-0,04;-0,44;-0,43;0,58;0,2;-0,49;1,33;1,32;0,32;1,48;-0,64;0,2;1,23;0,34;-0,26;0,55;-0,42;-2,98;-0,14;-3,78;1,68;-0,76;-0,84;1,31;-2,07;-0,12;-0,02;-0,33;-0,29;-0,25;-0,41;-0,54;0,62;0,29;-0,35;-0,84;0,19;-0,47;0,43;1,17;0,57;-0,2;-0,3;-0,26;0,45;0,34;0,46;0,24;0,04;-0,41;-0,53;-0,53;0,22;-0,27;0,12;-0,25;-0,12;-1,26;-0,22;0,31;-1,83;2,08
-0,22;-0,08;-0,05;0,84;-0,43;-0,82;1,06;-0,31;-0,3;-1,27;0,23;1,95;-0,73;1,96;-0,74;1,07;-0,79;-0,81;-1,81;-0,06;0,53;-1,95;-0,26;-0,19;0,76;0,53;1,06;-1;1,05;-1,13;-0,03;1,04;0,15;-0,7;-0,42;-0,32;-0,62;0,65;0,4;-0,78;-1,84;-0,02;-0,42;1,73;1,18;0,73;-1,14;-0,29;-0,79;1,84;0,93;-0,93;0,03;-1,18;-0,16;1,02;-0,05;-0,29;-1,68;0,32;-0,65;-0,57;0,53;0,49;0,76;0,74;-0,67;-1,17;-0,01;-0,35;0,39;0,45;1,01;1,98;0,94;-0,18;0,55;-2,04;-0,4;-1,1;-0,43;0,22;0,06;-0,35;0,07;0,49;0,02;-0,52;1,67;1,19;0,54;-1,19;-0,31;0,65;-0,7;-0,91;1,66
0,9;-0,55;-0,59;1,48;0,09;-0,94;1,35;1,11;1,01;-2,3;0,08;2,3;0,24;2,3;0,22;-0,15;0,24;0,21;-1,04;-0,97;-0,32;-0,54;0,39;0,5;0,6;3,5;1,81;-1,56;1,19;-0,75;0,35;1,81;-0,66;1,05;0,77;-0,25;-1,01;-0,75;0,89;0,58;-0,47;1,29;-0,2;1,41;1,28;0,33;0,8;0,5;1,52;1,12;0,57;-0,68;0,44;-0,75;1,15;0,48;0,41;1,39;-0,36;0,13;0,01;-1,79;0,32;0,63;0,32;0,79;-1,71;-0,2;0,13;-0,14;0,57;0,33;0,8;-0,15;-0,5;0,39;1,35;-0,22;-0,3;-0,43;-0,35;-0,42;-0,09;0,06;0,22;0,54;0,41;-1,14;0,04;0,76;0,38;-0,76;1,87;1,04;-1,27;-1,14;1,01
-3,07;0,01;0,27;-2,01;-0,04;0,73;0,5;0,58;0,58;2,84;2,7;-0,51;-2,83;-0,51;-2,84;1,06;-3,1;-3,1;2,61;-2,3;-2,65;1,37;-1,52;-1,48;2,12;-0,92;0,57;0,52;-0,98;0,95;2,22;0,32;1,75;-1,55;-2,25;1,37;1,43;0,54;-0,34;0,03;0,46;0,12;-0,17;-0,05;1,9;1,18;-0,43;-0,13;1,18;-0,03;1,33;-0,94;-1,08;0,48;-1,31;-0,57;-1,9;-2,22;1,28;-1,91;0,92;0,47;-0,25;-1,52;-0,65;-1,19;-1,07;-0,32;-0,21;0,15;0,85;1,67;0,53;-0,07;0,75;-1,06;1,05;-0,62;-0,33;0,79;0,72;0,71;-0,2;-0,14;-0,43;-0,86;-0,52;-1,19;0,73;1,14;-1,17;-1,14;-0,56;-0,85;0,85;-1,74;1,62
-2,08;-2;-1,84;0,62;-2,25;-2,26;0,88;0,95;0,92;1,06;0,46;-2,32;-0,41;-2,32;-0,41;-2,04;0,78;0,8;-0,1;0,73;0,73;0,46;-0,07;-0,04;-0,78;1,42;-0,23;0,61;-0,84;1,15;0,9;1,63;-1,92;0,94;1,59;-0,42;0,76;0,08;-1,26;-0,32;1,28;-1,78;-0,45;0,34;-1,55;1,35;-0,68;1,32;1,06;-0,25;0,28;-0,77;0,64;0,94;2,64;-2,17;-0,06;-0,34;-1,45;-3,01;-1,35;-2,37;-0,31;0,26;0,08;-0,07;0,24;1,17;0,87;0,6;-0,07;0,17;-1,08;-0,12;-1,12;-0,28;-0,83;0,09;0,58;0,04;0,11;0,01;-0,04;-0,31;-0,45;0,12;-0,12;1,37;-0,14;-0,7;1,45;0,7;0,13;0,21;-0,23;-0,97;1,77
-1,79;-1,52;-1,39;-1,03;-1,38;-0,85;0,43;-0,79;-0,72;-0,05;1,62;1,14;-0,18;1,13;-0,19;-0,64;-2,6;-2,58;-0,5;0,21;0,48;0,09;-0,77;-0,7;2,91;-2,92;1,45;-0,29;-0,18;0,4;0,86;1,74;1;-0,65;-1,29;-1,05;-0,24;-0,78;-0,19;-0,04;0,04;-2,06;1,01;-1,55;-0,25;0,48;3,29;-0,29;1,97;0,83;-1,16;-1,69;-1,68;-1,56;1,62;-1,71;-4,01;-3,76;-0,87;-3,18;1,9;-1,25;0,12;-0,38;-0,66;-0,1;1,29;-1,06;-1,21;-2;-1,52;-0,01;1,84;2,59;1,13;2,02;2,91;-0,04;0,55;-1,5;-0,6;-0,16;-0,11;0,18;-0,35;-0,27;-0,07;-1,84;0,03;-0,28;-1,13;0,28;1,17;-2,96;3,22;-1,83;2,25
0,1;-1,03;-1,06;0,17;-1,12;-1,2;0,82;-1,14;-1,15;0,68;0,11;-0,84;-0,08;-0,83;-0,08;-1,33;0,97;0,98;0,57;0,96;0,65;-0,18;0,49;0,33;1,22;2;0,4;1,11;-1,25;1,35;0,19;2,85;-1,63;0,27;1,28;-0,87;0,6;0,44;-1,28;-1,07;-0,22;0,88;-0,61;0,11;-0,7;0,4;-2,31;0;0,46;-0,34;0,48;0,27;2,56;0,73;0,31;-0,71;1,22;0,67;-1,15;0,64;-0,7;-0,88;0,25;1,09;0,42;0,92;1,1;2,36;1,46;0,45;-0,09;-0,96;-1,39;-0,54;-0,1;-0,58;-0,85;1,31;0,6;-0,2;-0,3;-0,63;-0,3;-0,14;0,07;0,44;0,04;0,28;-0,49;-0,25;-0,04;0,25;-0,93;0,62;-0,75;-0,51;1,52
-1,2;0,72;0,93;-0,84;-0,51;-0,3;0,44;0,29;0,27;1,59;1,61;-0,23;-1,92;-0,22;-1,93;1,93;-2,04;-2,07;1,59;-0,35;-0,53;0,13;-0,01;0,02;0,56;-1,59;0,15;0,09;-0,27;0,19;1,54;-0,23;0,77;-1,01;-1,31;-0,28;0,22;-0,5;-0,38;0,09;0,75;0,22;0,88;-0,62;1,28;1,05;-0,12;0,19;-0,87;0,53;1,33;-0,13;-0,43;0,62;-0,52;0,83;-0,21;-0,62;-0,95;-1,28;-0,82;-1,02;0,08;-0,06;0,28;0,06;0,15;0,56;0,28;0,1;0,13;0,91;-0,06;0,18;0,15;-0,25;1,33;-0,48;0,45;-0,74;0,11;0,51;-0,13;-0,29;-0,18;0,18;-0,06;-0,58;1,31;1,66;-0,08;-1,66;0,56;-0,23;0,28;0;2,15
-1,28;0,1;0,38;1;-0,81;-1,14;-1,26;-0,7;-0,72;1,03;1,48;0,55;-1,77;0,56;-1,78;0,77;0,64;0,65;-0,02;0,25;0,3;-1,06;0,69;0,75;1,61;-0,25;0;0,9;-0,72;0,43;-0,14;2,1;-0,84;-0,38;-0,09;1,5;1,05;1,65;-0,11;-0,85;-1,19;0,98;-0,09;1,02;-0,17;0,02;-1,39;0,02;0,42;-1,09;0,37;1,06;1,1;-0,55;0,87;-0,8;0,37;1,32;0,17;1,64;-0,67;0,42;0,1;0,13;0,39;0,15;-0,5;0,04;-0,07;0,05;0,88;0,5;-0,7;-0,26;0,09;0,74;-1,15;-0,61;-0,3;-1,2;0,18;0,47;0,08;-0,01;0,31;0,26;-0,12;0,1;0,92;-0,48;0,14;0,48;1,04;1,29;-1,35;-0,63;1,73
-0,24;0,46;0,48;-0,16;-0,05;-0,44;1,06;-0,37;-0,44;-0,09;-0,07;1,23;-1,23;1,24;-1,23;0,83;-2,16;-2,19;1,23;-2,34;-2,08;-0,25;-0,46;-0,43;1,95;-0,28;1,27;0,01;-0,42;0,45;1,16;1,97;-0,03;-1,24;-1,13;0,4;0,64;0,31;-0,39;-0,12;-0,01;1,25;-0,22;1,44;0,94;0,61;0,59;-0,04;0,34;-0,07;0,91;0,2;-1,55;-0,3;-0,58;0,18;-0,27;0,14;0,06;-1,17;0,58;-0,83;0,52;0,65;0,32;0,84;-1,93;0,82;0,9;0,5;0,09;0,24;-0,21;0,06;1,32;-0,59;0,91;0,45;-0,12;-0,19;-0,45;0,03;-0,6;0,05;0,3;0,15;-0,06;1,12;-0,16;0,34;-0,07;-0,34;-0,5;0,75;-0,97;-0,82;2,25
-0,19;1,53;1,56;0,47;-1,22;-1,37;1,73;-0,9;-0,94;0;0,75;0,99;-1,32;0,99;-1,32;-0,74;-0,08;-0,06;0,21;-0,09;-0,01;1,58;0,49;0,43;0,06;-0,95;0,31;-0,65;0,37;-0,23;0,55;-0,08;0,35;-0,54;-1,11;-0,12;-0,06;0,25;0,02;-0,36;-0,7;0,17;0,27;1,4;2,67;2,43;-0,46;0,6;1,52;0,53;0,32;-2,64;-0,84;-0,58;-0,21;0,29;-1,02;-1,16;-2,07;-0,05;-1,51;-3,26;-0,23;0,59;0,16;0,1;-0,48;-0,02;1,19;1,32;0,51;-0,41;-0,27;-0,87;-0,21;0,25;1,34;-0,69;0,45;0,26;-0,23;-0,2;0,27;0,04;0,24;0,33;0,16;1,85;2;-0,49;0,89;0,49;-0,8;1,83;-2,09;0,01;1,73
-0,01;-0,91;-0,91;0,92;-0,87;-0,97;0,83;-1,05;-0,93;0,56;1,96;0,96;-0,99;0,97;-0,99;-0,19;0,28;0,3;1,08;0,8;0,57;0,74;-0,23;-0,32;0,12;-1,6;-0,48;0,71;-1,01;1,17;0,47;0,1;0,19;0,2;-0,43;-0,25;0,51;-0,1;-0,69;-0,1;0,51;-0,69;-0,23;1,03;1,09;2,61;-0,43;-0,16;-0,21;1,55;1,07;-1,31;1,55;0,46;1,02;-0,02;0,25;-0,16;-1,55;-0,83;-0,93;-1,57;-0,36;1,63;-0,18;0,58;-0,14;0,2;0,68;1,09;0,82;-0,39;-1,23;-0,23;-0,9;-0,58;0,52;-0,01;0,95;0,51;0,4;-0,1;0,04;-0,24;-0,4;0,36;0,08;0,52;0,83;-0,26;1,57;0,26;-0,78;1,04;-1,17;0,25;1,81
-2,17;-0,68;-0,25;-0,41;-0,1;-0,03;-0,8;0,93;0,96;-1,86;1,47;4,17;-0,95;4,19;-0,98;0,95;-0,63;-0,64;-0,19;0,22;0,64;-1,32;-0,67;-0,56;3,96;0,28;3,49;-1,79;1,4;-1,18;1,05;1,95;2,07;0,01;-0,58;0,06;-1,45;-1,91;1,57;1,97;1;1,65;-0,21;0,26;1,75;1,93;0,51;0,05;0,73;2,96;2,74;-0,18;2,03;-0,85;0,46;0,86;0,41;0,08;-0,51;-1,99;2,24;0,36;0,45;-0,77;-0,22;0,08;-1,41;-0,21;-0,1;-0,2;0,44;1,03;-0,1;0,04;-0,42;2,56;0,83;-1,49;-0,33;-0,31;0,08;1,49;-0,36;-0,16;-0,12;0,21;-0,08;-0,1;1,74;-0,87;-0,17;0,87;1,81;0,78;-0,77;0,01;1,94
0,16;2,59;2,71;0,76;-0,67;-1,03;-0,22;-0,53;-0,55;0,57;0,85;0,5;-1,99;0,51;-1,99;0,64;-2;-1,99;1;-0,31;-0,28;-0,17;0,46;0,55;1,19;-0,41;-0,33;0,78;-0,85;0,91;-0,14;0,54;0,4;0,42;-0,08;1,01;0,72;1,93;-0,2;-1,36;-1,65;0,8;1,42;-1,04;0,7;-0,09;-1,53;0,13;1,3;-0,28;0,59;0,62;1,03;-0,87;0,94;-0,84;0,08;1,15;0,41;0,1;-0,97;-0,64;0;0,11;0,4;0,02;-0,46;-0,54;-0,28;0,03;0,94;1,3;-0,38;-0,57;-0,14;1,02;-0,31;-0,84;-0,25;-0,16;0,35;0,6;-0,06;0,32;0,41;0,06;-0,09;0,4;1,23;-0,5;-0,57;0,5;1,91;0,56;-0,58;0,14;1,65
0,39;0,02;0,02;-0,63;-0,71;-0,62;-0,24;-0,43;-0,41;0,38;-1,39;-0,79;0,25;-0,79;0,26;-0,84;2,09;2,09;-0,66;0,13;0,34;0;-0,14;-0,14;-0,67;-0,71;-1,77;1,32;-1,14;1;-0,71;-0,43;-0,15;0,23;-0,1;-0,25;0,34;1,63;-0,62;-1,74;-1,94;0,29;0,51;0,28;-0,9;-0,14;-0,91;-0,92;-0,14;0,18;-0,33;0,46;1,77;-0,21;0,03;0,38;0,12;0,79;0,03;0,76;0,5;-0,29;0,27;1,04;0,11;0,8;-0,93;0,29;0;-0,01;0,36;-0,53;-0,94;-0,47;0,51;-0,5;-0,92;0,18;-0,4;0,57;-0,02;-0,18;-0,16;-0,31;0,27;0,12;0,1;0,59;-0,49;1,08;-0,48;-1,08;1,39;0,27;-0,26;1,16;2,08
-0,88;0,15;0,28;-0,02;0,08;0,2;1,16;1,11;1,09;-0,27;0,45;0,02;1,07;0,02;1,06;-0,95;1,46;1,46;-0,41;-0,34;-0,37;0,72;-1,04;-1,02;-1,05;0,17;0,12;0,17;-0,23;0,23;0,63;-0,85;-0,21;0,21;0,46;0,13;0,59;0,82;-0,53;-0,85;-0,77;-1,59;1,3;0,41;0,04;0,98;0,16;-0,31;-1,56;0,02;-0,07;-1,72;-0,45;-0,56;-0,63;-2,21;-1,7;-0,43;-1,6;-0,4;0,37;-0,3;0,32;0,91;0,18;0,83;-0,32;-0,86;-0,46;0,11;-0,04;-0,23;-0,37;-0,38;-0,89;-1,14;0,37;0,56;0,3;1,08;0,46;0,03;-0,08;-0,09;-0,43;-0,62;0,13;1,99;-0,59;1,28;-1,38;-1,28;0,11;-0,8;0,92;-0,49;2,38
-0,54;1,08;0,92;-1,32;0,21;0,76;3,29;1,41;1,22;1,3;-2,34;-3,81;2,43;-3,81;2,44;-0,71;0,38;0,36;1,24;-1,71;-2,31;1,23;-1,57;-1,62;-1,88;0,04;-0,37;0,54;-0,77;0,61;0,94;-1,88;-0,14;-1,29;-1,05;-0,88;0,44;1,44;-0,87;-2,23;-2,11;-1,46;-0,28;-0,47;-1,7;-0,84;-0,47;-0,78;-0,78;-2,32;-1,64;-0,13;-2,18;0,44;-1,77;-1,52;-1,32;-1,7;-0,27;2,25;1,56;0,86;-0,27;-0,35;-0,77;-0,45;-0,8;-0,57;-0,72;-0,25;-0,57;0,41;0,04;-0,64;0,17;-1,57;-0,21;0,67;0,38;0,69;-0,1;0,2;-0,35;-0,43;-0,33;-1,18;-0,12;0,67;1,26;2,24;-2,93;-2,24;1,02;-1,83;2,07;-2,04;2,21
-0,47;-0,94;-1;-1,13;0,19;0,69;1,73;-0,37;-0,36;-0,75;1,38;1,27;-2,07;1,28;-2,07;0,59;-0,84;-0,87;-1,52;-0,36;0,05;1,14;-0,27;-0,29;2,34;0,46;2,29;-0,62;-0,2;0,7;1,37;2,35;0,32;0;-0,28;0,12;-0,15;-1,33;0,38;1,38;1,62;0,69;0,2;1,39;1,77;2,78;2,85;-0,57;2,42;1,51;0,73;-2,57;-1,72;-0,62;0,59;-1,34;-2,83;-3,19;-1,08;-2,73;-0,5;-1,16;-0,15;-0,09;-0,04;-0,16;1,19;-0,89;-0,02;0,47;0,39;0,52;-0,32;-0,63;0,12;1,14;2,84;-1,65;0,62;-0,84;0,52;0,52;-0,39;-0,11;-0,1;0,08;0,02;-0,97;2,4;-0,53;0,45;0,53;0,62;-1,1;1,2;0,03;2,44
-3,62;-0,5;-0,17;-2,54;1,95;3,11;-0,05;0,41;0,53;0,57;-0,1;-1,6;0,06;-1,59;0,08;0,44;-0,11;-0,13;0,19;-0,51;-0,76;2,37;-0,94;-0,93;0,15;0,34;-0,33;0,12;0,16;-0,47;0,25;-0,95;0,8;-0,56;-0,74;1,06;0,68;-1,05;-0,08;1,64;2,81;-1,71;0,22;-0,97;-0,59;1,26;1,56;-0,62;0,73;0,59;-0,47;-3,02;-1,39;-0,11;0,1;1,44;-1,16;-1,94;0,98;-1,88;-2,03;1,51;-0,97;-0,36;-0,15;-1,3;0,59;-1,64;-0,73;-0,44;0,06;1,03;-0,35;0,4;0,18;-0,87;0,3;-1,1;0,45;0,13;1,19;0,43;0,33;-0,44;-0,4;-1,27;-0,57;1,25;1,14;0,84;-2,16;-0,84;0,72;-1,42;1,75;-5,01;1,41
-0,11;0,45;0,52;-0,09;-0,46;-0,07;0,1;0,93;0,96;0,88;0,8;-0,81;-0,67;-0,8;-0,67;-0,82;0,36;0,37;-0,77;0,64;0,69;-1,19;-0,57;-0,57;-0,72;0,07;-0,15;0,29;-0,18;0,06;0,15;-0,59;-0,5;-0,28;0,44;0,76;0,1;1,45;0,29;-0,95;-2,24;0,53;-1,26;1,02;0,37;0,56;-0,78;0,09;0,09;-0,11;0,33;-0,46;1,31;-1,03;0,27;-0,22;1,23;2,47;0,88;1,06;-0,45;1,74;-0,09;-0,27;0,08;-0,24;-1;-0,79;0,49;0,04;-0,62;-0,1;0,71;0,96;0,74;-0,53;-0,82;-0,89;0,41;-0,9;-0,24;0,27;0,33;0;-0,14;-0,07;-0,02;-0,21;1,73;-0,36;0,67;0,36;-1,34;0,09;-0,08;-0,4;2,27
-3,61;-0,15;0,25;1,93;-0,65;-1,75;0,21;-1,23;-1,37;-3,62;-2,53;1,65;0,7;1,64;0,72;-0,71;-0,85;-0,79;0,92;-0,8;-0,93;0,98;0,54;0,46;1,77;2,81;2,52;-0,44;0,02;0,26;0,74;2,06;-0,96;0,36;1,37;-0,27;0,31;-0,44;-0,49;0,07;0,73;0,91;0,73;-3,62;-0,76;-1,73;0,49;0,54;2,59;-0,17;-1,19;1,21;-0,82;-0,21;0,37;-1,73;-0,55;-0,57;-1,39;0,44;0,61;-0,57;0,32;0,85;0,22;0,76;0,86;-0,72;-0,06;0,25;-0,43;-1,6;-0,91;-0,74;0,75;0,96;-0,58;0,53;0,48;0,09;0,3;-0,24;-0,16;-0,23;0,79;-0,33;-0,24;0,5;-1,39;0,3;-0,47;-0,3;0,38;-1,08;1,37;-0,74;2,13
-2,98;-2,35;-2,14;-0,51;-0,38;-0,51;2,35;-0,62;-0,75;-0,37;0;0,16;0,54;0,16;0,54;0,64;0,82;0,81;0,96;0,64;0,49;0,92;-1,03;-1,06;-1,28;0,77;-0,17;0,74;-0,71;0,55;0,86;0,42;-1,57;-0,52;0,81;0,5;0,62;0,45;-0,26;-0,34;-0,23;0,47;1,65;-1,58;-2,95;0,05;0,31;0,15;-0,81;-0,37;-1,09;0,93;-1,05;-0,3;-0,33;0,56;-0,03;0,19;-1,07;-0,97;-0,43;-0,84;-0,22;0,5;-0,07;0,11;-0,43;1,21;-0,34;-0,71;0,09;-0,47;0,93;1,11;0,4;-1,12;-0,24;1,05;-0,1;-0,2;-0,34;-0,04;-0,04;-0,11;-0,18;-0,18;-0,17;0,25;-0,18;0,5;-0,73;-0,5;-0,45;-0,09;0,08;0,06;2,31
0,08;-0,13;-0,08;0,54;-0,23;-0,68;-0,08;-0,43;-0,4;0,76;1,33;0,68;-0,82;0,68;-0,82;0,92;-1,13;-1,16;1,56;1,47;1,16;0,35;0,59;0,62;2,39;1,18;0,18;0,32;-0,33;0,27;-0,17;1,99;0,3;-0,94;-0,87;-1,9;-1,45;-0,65;0,25;-0,39;-1,19;0,95;0,4;-0,2;-1,19;-0,21;2,21;0,64;0,42;-0,5;-1,09;0,85;-1,28;0,15;0,26;0,07;-1,43;-1,87;1,02;-0,74;0,44;-0,69;-0,15;0,48;-0,44;0,26;0,07;-0,76;-0,32;-0,29;-0,4;-0,03;0,06;-0,21;-0,3;0,34;0,93;-0,51;-0,61;-0,1;0,12;0,04;-0,2;-0,18;-0,5;0,11;-0,09;-2,67;0,56;0,03;0,38;-0,03;1,16;-1,6;1,72;0,07;2,13
-0,63;-0,45;-0,33;-0,77;-1,12;-0,91;-0,56;-0,95;-0,93;0,45;0,75;0,57;-0,84;0,57;-0,84;0,44;0,15;0,14;3,27;-1,9;-2,39;1,74;-1,1;-1,16;2,04;-0,29;1,37;-0,7;0,39;-0,33;1,36;1,35;0,65;-1,37;-1,37;-0,45;0,32;-0,35;-0,37;-0,11;0,31;2,24;1,92;-0,02;-0,64;0,36;1,81;0,93;0,61;0,72;0,58;1,2;-2,55;0,28;-0,89;0,65;0,27;-0,27;-0,82;-0,8;0,63;-1,91;0,17;-0,86;-0,2;-0,26;-0,4;1,42;1,32;1,19;0,17;0,06;0,45;1,54;0,78;-0,7;1,07;-0,02;0,19;-0,07;-0,04;0;0,57;0,53;0,35;0,67;-0,09;1,04;-0,29;-0,97;-0,48;0,97;-1,69;1,42;-1,66;0,19;1,81
0,99;1,13;1,05;-0,18;-0,92;-0,21;-0,27;-0,92;-0,88;1,05;0,4;-0,05;-1,57;-0,04;-1,56;-0,85;1,33;1,36;1,82;-1,15;-1,49;0,04;-0,79;-0,8;1,25;-0,32;-0,11;-0,21;0,33;-0,53;0,28;1,5;0,15;-1,25;-1,55;-0,12;0,82;0,94;-0,96;-0,95;-0,32;0,62;-0,08;2,59;0,21;-0,14;-0,98;0,89;-0,07;0,03;1,24;0,28;0,01;0,64;-1,33;1,67;0,99;-0,14;-0,51;1,11;0,22;-1,65;0,22;-1,39;-0,05;-0,56;2,68;0,98;0,64;1,04;0,96;0,48;-0,23;0,07;-0,26;-0,53;-0,21;-0,63;0,49;-0,83;-0,07;0,31;0,43;0,14;0,35;0,43;-0,04;1,04;0,96;-1,99;1,12;1,99;-1,04;2,4;-2,69;-1,6;1,72
0,37;-0,93;-0,88;1,22;-2;-2,28;0,75;-2,43;-2,39;1,83;2,23;-1,36;-1,06;-1,36;-1,08;-1,73;1,43;1,44;0,88;-0,13;-0,48;0,05;-1,46;-1,43;-0,3;-0,52;-0,78;1,09;-1,27;1,21;1,78;0,28;-0,88;-0,57;-0,64;0,55;0,88;0,43;-0,47;-0,08;0,42;-0,21;-0,04;1,9;1,71;1,9;-0,17;1,11;0,58;0,52;1,39;-1,51;0,96;0,58;-0,06;0,22;2,18;2,01;-1,73;-0,12;1,72;-0,28;0,46;-0,76;-0,06;0,13;1,3;-0,02;1,05;0,92;0,73;1,16;0,79;-0,35;0,6;-0,15;-0,37;-0,56;0,35;-0,54;0,07;0,21;0,29;0,07;0;0,16;-0,05;-0,34;-0,2;-2,33;0,22;2,33;-1,42;1,06;-1,15;-0,54;1,86
-2,5;1,61;1,88;0,63;-1,52;-1,92;0,38;-0,96;-0,9;-0,37;1,78;2,13;-2,67;2,14;-2,69;1,55;0,55;0,53;0,59;-0,78;-0,8;1,35;0,8;0,81;1,82;0,63;1,34;-1,38;1,34;-1,42;-0,58;0,59;0,74;-1,62;-1,49;-0,24;-1,35;-2,43;1,48;2,08;1,59;-0,19;0,84;0,95;2,21;1,74;1,41;0,06;1,5;2,47;0,7;-0,62;-0,99;-0,83;1,39;0,32;0,72;0,36;-0,64;-0,92;3,72;-0,48;1,57;-1,57;0,3;0,67;0,45;0,41;-0,25;-0,08;0,38;0,16;-0,25;0,55;1,34;2,51;1,31;-1,9;-1,42;-1,33;0,25;0,17;-0,24;0,73;0,06;0,85;-0,11;0,26;1,4;-2,24;0,1;2,24;-0,67;-0,47;0,52;-0,56;1,98
-0,96;-0,02;0,11;-0,01;-2,34;-1,91;0,45;0,08;0,06;0,42;-0,09;-0,78;-1,15;-0,78;-1,15;-0,34;-0,45;-0,43;0,44;-0,52;-0,53;-0,32;-0,37;-0,27;-0,52;-1,07;-0,67;0,73;-0,94;0,99;1,15;-0,24;-0,09;-0,75;-0,52;0,32;0,72;1,53;-0,56;-1,33;-1,61;-0,35;-1,6;0,44;0,28;0,14;-0,56;-0,46;0,92;0,67;-0,73;-2,02;-0,3;0,25;0,41;-1,81;0,37;1,36;-0,27;0,92;-0,75;-1,13;-0,27;0,1;0,13;-0,28;-0,86;-0,83;-1,37;-1,15;1,05;1,33;-0,65;-0,16;0,05;-0,03;-0,34;-1,59;0,15;-0,68;0,91;0,6;-0,28;0,16;-0,24;-0,36;-0,1;1,74;3,28;-0,25;0,66;0,25;-0,23;-0,77;0,95;-0,46;1,33
-1,08;-0,87;-0,75;-0,9;-1,65;-1,19;-0,14;0,83;0,88;0,7;0,76;-0,12;-2,54;-0,12;-2,54;0,59;-0,17;-0,19;0,61;-1,26;-1,39;-0,01;0,61;0,64;1,01;-0,66;-0,81;0,89;-0,88;0,74;0,57;-0,01;0,76;-1,1;-1,29;1,13;1,12;1,38;-0,27;-0,68;-0,9;0,55;-0,14;-0,13;0,89;0,46;0,03;1,01;1,67;1,56;0,99;-0,27;0,42;0,27;1,45;0,32;-0,13;0,63;-0,42;0,18;0,57;-1,59;0,19;-1,04;-0,09;-0,45;0,09;-0,4;-0,01;0,48;-0,02;0,04;-0,84;0,04;-0,31;-0,9;1,48;-0,44;0,37;0,85;0,26;-0,29;-0,22;0,1;0,3;0,41;0,17;0,23;2,09;0,15;-0,85;-0,15;1,02;-0,43;0,38;1,26;2,09
-0,41;-0,69;-0,68;-1,88;-2,57;-1,56;-2,24;-1,31;-1,23;0,24;-0,73;-0,86;-1,6;-0,85;-1,59;-3,16;3,06;3,1;1,19;-1,12;-1,19;-0,42;-0,17;-0,16;0,08;-1,77;-1,05;0,47;-0,66;0,53;0,93;-1,42;1,06;-1,32;-2,53;-0,73;0,29;1,73;-0,78;-2,43;-2,57;0,93;0,75;-0,66;-2,45;-0,83;-0,7;-1,18;1,12;1,89;-0,66;0,72;-0,16;-0,03;-0,58;0,07;0,88;1,14;-0,84;1,53;-0,13;-1,16;0,39;-1,6;0,5;-0,48;-0,61;1,06;-0,03;0,05;1,01;0,47;0,29;-0,6;-0,13;0,62;-0,29;0,02;-0,67;-1,34;-0,22;-0,16;0,34;0,18;1,02;0,61;0,2;0,84;-1,56;-0,14;-1,04;0,14;-1,54;1,36;-1,45;1,87;1,64
-2,63;-0,68;-0,52;-2,23;0,2;1,54;-0,22;-0,59;-0,54;-0,27;1,51;1,33;0,57;1,32;0,57;0,16;0,91;0,9;1,73;-3;-3,2;0,89;-2,45;-2,53;0,84;-2,49;-0,68;0,06;-0,47;0,63;1,54;-2,51;3,71;-0,62;-2,95;-1,35;0,6;1,87;-1,55;-2,33;-1,44;0,05;-1,4;-1,25;0,87;-1,52;1,53;-0,31;1,43;-0,54;-2,1;-0,91;0,85;0,35;-1,77;0,12;-0,03;-0,02;1,93;-1,07;0,36;-0,28;0,17;-2,62;0,03;-1,32;0,41;0,52;0,22;-0,2;-0,63;-1,06;-0,4;1,7;0,45;-0,49;0,73;1,81;-0,48;-0,23;-0,27;-0,65;0,25;0,52;0,58;-0,31;-0,02;-0,86;-3,58;0,79;0,74;-0,79;1,03;0,18;-0,22;0,27;2,16
1,19;2,32;2,25;0,77;-1,08;-1,59;-1,4;-2,19;-2,17;1,21;0,1;-1,14;-1,55;-1,14;-1,56;-1,91;4,26;4,28;2,45;-1,4;-1,64;-1,81;-1,96;-1,89;-0,31;-0,24;-1,07;0,41;-0,53;0,71;0,41;-1,05;0,23;0,81;-0,2;-2,54;0,27;1,33;-2,22;-2,5;-1,03;-0,57;2;0,98;0,16;-0,48;-0,11;-0,75;-0,14;-3,36;-0,8;0,97;2,83;0,17;2,06;-2,63;0,41;2,37;-1,45;4,13;-0,15;-1,3;0,54;-0,85;0,52;-0,01;1,07;1,67;0,23;0,02;0,22;-0,09;0,48;-0,29;0,13;0,07;-0,62;1,2;-0,42;0,31;-1,23;0,06;-0,07;-0,02;1,02;0,62;0,51;1,66;0,01;-0,05;0,62;0,05;0,34;2,55;-2,85;1,33;2,16
-0,07;-1,15;-1,11;-0,61;1,38;1,37;1,72;1,05;0,96;0,55;0,85;0,4;1,49;0,4;1,48;0,7;-1,93;-1,95;0,56;-1;-1,24;0,33;-0,28;-0,1;2,19;-0,64;1,52;0,02;-0,35;0,39;-0,25;1,22;0,73;-0,23;-0,62;-0,01;0;-1,44;0,16;1,25;2,02;0;-0,43;-0,66;0,85;0,7;2,7;0,99;1,32;-0,92;-0,74;-0,11;-1,97;0,5;-1,2;-0,19;-1,48;-1,03;0,44;-1,46;0,6;0,78;-0,1;-0,03;-0,25;-0,12;0,31;-1,02;0,06;0,03;-0,31;-0,04;-1,51;-1,09;0,39;0,83;0,24;-0,24;1,11;0,39;1,21;0,65;-0,45;-0,27;-0,1;-0,69;-0,48;0,21;1,08;-0,8;-0,37;0,8;-2,17;-2,81;3,18;-0,73;2,39
-0,75;2,31;2,42;0,78;1,91;1,91;0,82;-0,96;-1,03;0,92;0,97;-0,69;-0,28;-0,7;-0,28;0,53;-2,67;-2,65;-0,05;-1,56;-1,6;2,72;-0,92;-1,02;-1,5;-1,81;-0,35;0,13;-0,6;0,91;1,34;-2,01;1,2;-0,08;-0,37;1,49;0,88;-0,16;0,25;1,08;1,27;-0,93;0,53;-1,54;2,71;2,36;-0,24;0,3;-2,36;1,69;1,81;-0,57;-1,8;1,41;-1,37;1,08;0,14;-1,23;0,37;-0,2;-1,14;-0,08;-0,38;0,76;0,03;-0,08;0,08;0,13;0,26;0,64;0,33;0,39;0,51;0,39;-0,77;-0,36;0,3;0,8;0,5;0,97;0,63;0,15;0,43;-0,19;-0,58;-0,78;-0,28;0,23;-0,61;0,16;0,05;-0,16;0,07;-0,09;0,12;0,17;2,18
-2,85;-0,26;0;-1,06;-0,24;-0,49;-1,44;-0,68;-0,7;0,29;0,93;0,69;-1,07;0,69;-1,08;0,09;-0,55;-0,52;1,26;0,46;-0,25;0,08;2,27;2,09;0,72;1,39;1,28;-1,69;1,8;-1,97;0,48;0,64;0,41;-1,37;-1,12;-0,75;-1,07;0,48;0,94;-0,77;-2,73;1,1;-1,12;-1,76;-0,24;-1,15;0,79;-0,23;1,45;-3,1;-0,62;1,01;1,59;0,92;0,15;-0,75;-0,21;0,09;-1,03;1,23;-1,59;-0,63;0,03;-2,31;0,36;-1,26;0,21;0,25;-0,05;0,52;0,25;0,65;-1,13;-0,54;-0,71;0,41;0,54;-0,44;-0,59;0,68;0,38;0,32;-0,45;0,79;0,29;0,26;-0,12;-1,23;0,04;-0,26;-3,18;0,26;-2,72;-0,57;0,51;2,51;2,07
0,62;-0,6;-0,62;-0,74;-0,2;-0,5;-0,51;-1,59;-1,61;-0,54;0,12;1,1;-0,99;1,11;-0,99;-0,47;1,18;1,17;1,19;0,39;0,14;-2,89;1,63;1,67;-0,36;1,61;0,27;-0,39;0,14;0,06;0,76;0,34;-0,61;-0,24;0,09;-1,32;-0,93;0,34;0,29;-1,1;-2,22;-0,61;-1,17;-0,02;-1,2;-0,71;0,33;-0,03;-0,88;-1,7;-0,23;0,67;3,57;0,38;2,48;-0,33;1,45;1,94;-0,65;0,38;-1,48;-1,63;0,46;-0,18;0,85;0,37;0,8;1,9;0,99;-0,1;0,03;-1,42;-1,47;-1,3;-0,71;-1,75;0,24;1,49;0,16;-0,36;-0,65;-0,76;-1,04;-0,09;0,23;1;0,31;-1;-0,24;-0,39;-1,55;0,39;-2,43;-0,04;-0,09;2,19;1,94
-0,34;-1,39;-1,38;-0,86;-1,07;-0,65;0,8;-2,17;-2,16;-1,75;-0,62;1,96;0,07;1,97;0,08;-0,48;1,75;1,75;-0,16;2,01;2,02;-0,03;0,56;0,47;0,82;1,64;0,85;-0,49;0,7;-0,89;0,11;1,29;-0,67;-0,36;0,36;-1,49;-1,5;0,24;0,45;-0,81;-2,17;0,76;-1,42;-0,54;-0,18;-1,47;0,68;0,84;0,7;-0,66;-0,39;-0,23;1,82;0,22;-0,21;1;-1,53;-1,63;-1,38;1,09;-0,61;-0,99;0,1;0,67;0,35;0,46;1,32;0,77;0,4;-0,03;-0,12;-1,15;-0,68;-0,44;0,63;-0,44;0,03;0,2;-0,26;-0,02;-0,35;-0,73;-0,23;0,27;0,69;0,67;0,06;-1,7;-0,9;-1,83;-0,04;1,83;-0,73;0,42;-0,43;1,9;1,88
0,72;0,16;-0,01;0,41;-2,17;-1,93;0,24;-1,24;-1,12;-1,39;-0,82;0,87;2,1;0,86;2,09;0,79;-2,22;-2,22;0,29;0,59;0,71;-2,75;-0,48;-0,41;1,47;-0,02;0,9;-0,57;0,46;-0,46;0,84;0,37;0,76;-0,58;-0,78;-0,95;-0,92;-0,06;0,27;-0,41;-1,08;1,02;-1,53;0,47;-0,89;-0,74;2,35;0,12;2,46;-0,08;-0,89;0,78;-0,12;-0,79;-0,28;0,43;0,33;1,18;1,05;-0,8;1,98;-0,05;-0,1;0,47;-0,94;0,17;-0,7;-1,41;-0,83;0,21;-0,1;0,83;1,9;1,94;1,43;0,91;0,99;-1,63;-1,32;0,55;0,56;0,27;0,79;0,4;-0,01;0,4;0,1;-1,34;0,29;0,08;0,57;-0,08;0,29;-0,73;0,83;1,01;2,03
-0,12;0,43;0,5;0,23;-0,36;-0,67;-0,06;-0,13;-0,16;0,28;-0,46;0,12;-0,44;0,13;-0,43;0,87;0,14;0,11;1,51;-1,25;-1,26;0,26;-2,62;-2,48;0,75;1,06;1,13;-1,12;0,9;-0,71;0,82;0,98;-0,05;-0,39;-0,34;-0,28;-0,01;-0,06;-0,11;0,03;0,15;1,75;1,86;-0,41;0,01;0,76;1,26;0,76;1,27;0,11;0,82;0,46;-0,67;0,42;0,28;1,08;0,29;-0,62;0,89;-0,65;0,61;-0,33;0,49;0,2;0,31;0,64;-1,12;0,73;0,5;0,17;0,36;1,17;0,9;1,38;0,48;-0,08;1,09;-0,48;-0,57;-0,37;-0,22;0,27;0,03;0,78;0,21;0,44;0,07;-0,6;0,19;-1,41;-1,48;1,41;-0,04;0,84;-1,03;-0,96;1,77
1,71;1,19;0,99;0,64;-1,23;-1,3;2,29;-0,42;-0,44;-0,34;-0,83;0,72;-0,16;0,71;-0,15;-0,98;-0,81;-0,79;-1,71;0,39;0,84;0,67;-1,9;-1,87;-0,28;-0,2;-0,22;-0,01;0,19;-0,31;-0,26;0,61;-0,61;-0,27;0,1;0,03;0,39;1,3;-0,64;-1;-0,77;0,09;0,26;0,23;-0,15;-0,41;0,24;0,48;0,4;0,1;-0,66;-0,64;0,55;0,7;-0,9;0,42;-1,01;-1,36;-0,22;-0,99;0,27;-0,73;0,01;0,68;-0,06;0,39;1,04;-0,46;-0,27;0,27;0,37;0,57;0,65;0,59;1,02;1,57;-0,63;-0,81;-0,99;0,13;-0,1;0,41;0,04;0,39;0,13;-0,13;-0,2;0,39;0,29;-2,14;1,27;2,14;-0,32;0,5;-0,58;-0,02;1,7
0,67;-0,46;-0,53;-0,16;0,08;0,68;0,73;1,13;1,17;-0,41;1,64;1,15;-0,08;1,16;-0,09;1,11;-2,4;-2,39;1,66;-0,94;-1,1;0,17;1,01;1,06;0,11;-1,42;0,69;-0,06;-0,36;0,56;0,56;-0,46;0,33;-0,19;-0,26;-0,42;-0,18;-0,96;-0,06;0,34;0,85;0,38;0,79;-1,33;0,66;-0,7;2,19;0,52;-0,66;0,49;0,23;0,02;-0,74;-0,96;1,08;0,54;-0,87;-0,07;-0,76;-1,39;0,33;-1,22;-0,25;0,18;-0,45;-0,1;-0,63;0,94;0,5;0,63;-0,02;-0,81;-0,56;-0,96;-0,37;0,11;1,06;0,21;0,44;0,41;0,23;-0,16;-0,06;0,06;-0,37;0,12;0,02;-0,09;-0,13;0,52;-0,18;-0,52;0,34;-0,51;0,61;-0,7;2,12
0,83;0,2;0,21;0,98;-1;-1,29;0,02;-0,81;-0,8;-0,17;-0,77;-0,11;-0,34;-0,11;-0,34;-1,28;1,82;1,83;-0,92;0,92;1,04;-1,03;0,17;0,26;-1,57;-0,09;-1,29;0,25;0,07;-0,21;0,01;-0,49;-0,85;0,17;0,28;0,02;-0,31;0,7;0,17;-0,4;-0,85;0,33;-0,86;0,04;-0,1;-0,24;-0,31;0,55;0,11;-0,21;-0,11;0,36;0,37;0,49;0,22;2,06;2,1;1,44;-0,4;2,09;-1,15;-0,59;-0,17;0,62;0,31;0,23;-0,3;0,33;-0,19;0;0,89;0,95;-0,33;-0,2;-0,68;0,21;-0,46;-0,37;-0,05;-0,4;0,26;0,03;0,23;-0,12;0,11;0,56;0,22;-0,35;2,12;-1,54;0,85;1,54;-0,08;1,17;-1,32;0,14;1,88
1,54;2,22;2,12;0,94;-1,27;-1,24;-0,29;-0,78;-0,68;0,88;-0,35;-0,74;-0,72;-0,73;-0,72;-0,38;-2,23;-2,23;-0,88;-0,06;0,12;-0,74;-0,73;-0,7;-1,27;-0,07;-1,09;0,55;-0,56;0,59;0,46;-1,75;0,47;-0,31;-0,11;1,21;1,29;1,52;-0,54;-0,69;-0,48;-0,01;-0,68;-0,88;1,22;1,46;-1,07;0,28;-0,24;2,12;1,58;-0,7;-1,79;-0,01;-0,58;1,24;0,57;-0,21;-0,38;-0,96;-0,3;-0,72;-0,03;0,49;0,17;0,27;1,22;0,06;-0,04;0,67;1,01;1,52;0,28;0,75;0,12;2,11;-0,64;-0,35;-0,67;0,66;0,67;0,76;0,11;0,37;0,18;-0,04;-0,2;-0,18;-0,3;-0,73;-0,6;0,73;-0,22;0,08;0;0,07;2,04
-2;1,42;1,82;1,36;-0,16;-0,65;-1,46;-1,25;-1,3;0,7;-1,75;-1,64;0,89;-1,64;0,92;-0,87;1,19;1,2;-1,54;0,8;1,18;0,17;-2,07;-2,07;-1,29;-0,97;-0,91;0,11;-0,27;0,44;0,31;-1,55;0,47;0,53;-0,3;-0,2;-0,4;0;0,25;0,21;-0,23;0,34;-1,58;0,18;1,48;0,83;-0,57;-0,02;-0,26;1,04;0,22;-1,4;-0,11;0,39;-0,21;1,51;0,43;-0,51;1,66;1,17;1,12;1,54;0,68;0,37;0,52;0,96;-0,21;1,19;1,22;0,09;-0,18;-0,73;0,57;0,25;0,68;0,75;-0,23;1,18;0,07;-0,58;-0,34;-0,2;-0,01;0,38;0,42;0,18;0,07;-0,85;-1,17;-0,25;0,64;0,25;0,05;0,28;-0,24;-0,46;2,11
1,65;3,46;3,37;1,65;-0,18;-0,93;1,21;-2,4;-2,38;1,42;-1,14;-1,68;-1,23;-1,68;-1,21;-1,58;1,43;1,45;-0,63;1,29;1,43;-1,96;-0,74;-0,68;0,31;0,13;-0,54;1,83;-2,51;3,13;1,67;0,55;-0,6;1,18;1,62;0,64;-0,52;0,87;0,92;-0,47;-2,25;0,09;2,43;0,88;-0,41;1,02;0,88;0,81;-2,49;1,39;0,13;-1,62;0,38;0,65;1,61;-0,81;0,16;-0,41;0,79;0,63;-0,8;0,57;0,18;1,56;0,4;0,99;-0,45;2,55;1,71;1,23;0,88;-0,9;-1,84;-1;-1,08;-0,44;0;1,03;0,68;0,94;0,32;-0,82;-0,28;-0,33;-0,04;0,25;0,17;2,12;0,31;0,44;-0,86;-0,44;-0,17;0,76;-0,94;0,46;2,23
0,84;1,1;0,85;-0,49;0,54;1,63;-0,71;3,64;3,77;0,43;1,22;1,01;-1,47;1,01;-1,49;0,34;-2,55;-2,57;-0,29;-1,69;-1,38;2,57;-1,1;-1,15;2,89;-0,5;1,43;-1,56;1,19;-0,89;0,49;-0,85;3,65;0,29;-2,16;0,79;0,06;-2,01;0,78;2,2;2,45;-1,87;-0,3;2,15;2,27;2,05;2,35;-0,58;1,29;-0,64;-0,11;-2,75;-0,42;1,47;2,76;1,26;3,02;2,12;-0,42;-0,04;-0,77;1,07;0,54;0,72;0,71;1,01;1,56;0,62;-0,13;0,22;0,08;-0,27;1,65;1,46;-0,59;0,26;1,81;-0,28;-1,15;-0,56;0,82;-0,6;0,43;0,26;-0,24;0,13;-0,06;1,39;-1,16;0,39;-0,9;-0,39;-0,24;-1,81;1,97;-2,74;2,08
0,83;1,31;1,24;0,4;-0,38;-0,27;0,37;-1,06;-1;0,68;-0,47;-0,99;-0,84;-0,99;-0,83;-1,83;2,2;2,21;-2,38;0,24;0,76;-0,23;-1,48;-1,55;-0,93;0,3;-0,44;0,12;-0,19;0,25;0,69;-0,89;-0,28;0,03;0,27;-1,5;-0,62;-0,53;-0,62;0,15;0,48;0,3;1,48;1,45;1,69;0,28;-0,59;0,12;-1,27;0,89;0,45;-1,74;1,93;1,24;-1,46;-0,68;0,8;0,47;-0,36;1,79;0,22;-0,06;0,18;0,85;0,11;0,71;-0,36;1,08;0,89;0,86;0,73;0,12;-0,33;-0,15;-0,7;-0,56;0,28;0,43;0,14;0,35;-0,34;-0,18;0,04;-0,14;-0,39;0,33;0,48;-0,26;-0,21;-0,26;1,38;0,26;1,48;2,27;-2,58;2,41;1,57
0,89;-0,05;-0,1;-0,1;-1,27;-1,11;-1,27;1,37;1,42;-0,54;-1,28;-0,77;0,95;-0,77;0,95;0,06;0,21;0,2;0,28;-0,62;-0,56;-0,13;-0,97;-0,93;1,5;-0,24;0,55;-0,57;0,33;-0,2;0,11;-0,75;1,82;-0,31;-1,43;-0,27;-0,23;0,18;0,01;-0,24;-0,26;0,28;-0,73;1,39;-0,73;-0,13;0,56;-0,31;1,5;1,52;0;0,01;-0,36;-0,56;0,27;-0,62;-0,17;0,32;1,28;0,19;1,93;-0,05;0,47;-1,56;-0,13;-0,41;-0,69;-0,3;0,12;0,11;0,05;0,25;0,35;0,43;0,56;0,45;0,57;-0,43;-0,5;-0,48;0;0,14;0,13;0,47;0,46;0,16;0,17;-0,09;0,24;0,51;-0,33;-0,51;0,98;0,25;-0,27;1,84;2
-1,94;-3,9;-3,88;-3,67;0,16;1,45;-0,13;-0,8;-0,77;1,1;2,11;-0,25;-0,95;-0,25;-0,97;1,84;-3,02;-3,07;0,73;-1,07;-1,88;1,8;-0,11;-0,2;4,28;0,52;2,23;-0,22;-0,52;0,73;2,4;2,39;2,14;-1,34;-2,32;0,45;0,83;0,1;-0,27;-0,12;0,48;-0,14;-1,33;-1,48;0,76;3,85;4,07;0,01;2,93;-0,38;0,31;-2,61;1,28;0,79;2,61;-5,07;-2,57;-1,11;-1,8;-1,95;-2,02;-1,41;-0,88;-2,62;-0,23;-2,39;1,07;0,09;0,35;0,83;0,24;0,7;-0,52;-0,68;-0,68;-0,34;1,55;-0,85;-0,03;0,72;1,08;0,24;0,2;0,13;-0,42;-0,31;-0,5;0,04;0,84;-1,05;-3,04;1,05;-2,51;-0,75;0,84;1,38;1,82
-1,97;0,48;0,62;-1,24;0,63;1,53;1,37;1,28;1,3;1,43;1,51;-1,18;-0,22;-1,18;-0,23;0,92;-4,02;-4,04;1,74;-1,41;-1,88;1,92;0,43;0,35;1,27;-0,23;1,65;0;-0,87;1,43;1,02;0,28;0,73;0,53;0,19;1,03;0,58;0,48;0,23;-0,49;-0,85;1,09;-0,34;-1,11;0,96;3,27;0,05;0,22;-0,02;0,97;1,28;-1,13;-1,7;-1,25;0,62;-2,71;-2,29;-1,67;-1,11;-2,79;-0,58;-0,77;-0,54;-0,98;-0,44;-1,12;-0,42;-1,05;0,84;0,89;-0,33;0,65;0,18;0,03;1,15;1,46;0,12;-1,68;0,79;0,2;1,12;0,68;0,46;-0,17;-0,19;-1,09;-0,59;1,19;1,25;1,06;-0,77;-1,06;-0,12;-2,14;2,51;-0,72;1,8
0,64;1,49;1,37;-0,52;0,07;-0,07;-1,04;0,21;0,16;1,07;-1,5;-2,08;0,37;-2,08;0,38;-0,12;2,88;2,84;0,56;-0,28;-0,19;-1,47;-0,44;-0,4;-1,3;1,55;-0,12;-0,08;0,27;-0,37;-0,15;-0,71;-0,94;0,08;0,93;-0,43;-0,11;-0,3;-0,25;0,26;0,69;0,35;1,85;0,63;1,11;-0,39;-2,39;-0,65;-0,65;-1,84;0,35;0,53;2,95;0,09;0,16;-1,26;0,86;1,77;1,48;2,19;1,12;1,56;0,5;0,15;0,16;0,54;-0,29;-0,2;-0,18;-0,1;-0,32;-0,2;-0,13;-0,12;0,18;-1,29;-0,24;0,84;0,08;0,44;-0,47;-0,46;0,08;-0,07;0,16;0,17;0,49;0,92;-1,03;0,27;-0,26;-0,27;2,27;1,17;-1,34;1,87;2,2
1,53;-0,26;-0,38;0,49;-0,89;-1,21;0,77;-0,24;-0,24;0,48;1,11;0,76;-0,84;0,77;-0,85;-0,49;0,48;0,51;1,24;2,18;2;0,84;-0,06;-0,12;-0,91;-0,81;-1,02;0,53;-0,19;-0,03;0,23;-0,65;-0,15;0,26;0,33;-1,68;-0,63;0,05;-0,62;-0,81;-0,51;-0,64;0,17;0,73;-0,37;-1,43;-1,73;-0,44;-1,29;0,03;-0,55;0,33;0,8;0,08;-0,54;0,41;0,78;0,43;-1,41;0,94;0,09;-0,64;-0,26;0,8;-0,29;0,24;0,82;0,06;-0,35;-0,05;-0,06;-0,11;-0,12;-0,09;-0,29;-0,65;-0,33;0,39;0,23;0,26;-0,27;0,18;-0,15;0,08;-0,08;0,15;0,15;-0,16;0,39;-0,72;1,42;0,72;0,33;0,43;-0,45;-0,28;2,15
1,19;1,94;1,83;0,45;-1,13;-0,75;-1,02;0,26;0,23;-0,13;-1,73;-1,19;0,45;-1,18;0,47;-0,55;2,87;2,84;-0,38;1,68;1,56;0,05;1,12;0,99;-1,58;0,31;-0,8;0,3;-0,21;0,33;-1,11;-1,13;-0,51;1,12;1,27;-0,47;-0,17;0,41;-0,32;-0,61;-0,38;-0,88;-0,75;1,1;-0,93;-0,64;-2,86;-1,07;-1,99;-0,55;-0,16;0,64;1,94;-0,25;0,88;-0,73;0,01;0,09;0,43;1,82;0,68;0,31;0,18;0,89;0,03;0,67;1,05;0,16;0,17;0,08;-1,16;-0,74;-0,63;-0,47;0,28;0,68;-2,26;1,06;-0,34;0,14;-0,56;-0,14;0,19;-0,62;-0,01;-0,02;0,1;0,71;-1,62;-0,29;1,21;0,29;1,64;0,75;-0,69;-0,17;2,66
-1,53;-2,3;-2,26;-1,35;-0,41;-0,09;-1,4;-1,15;-1,13;2,67;0,01;-3,35;0,09;-3,35;0,09;-0,48;1,31;1,29;0,27;0,57;0,41;-1,17;0,74;0,79;0,25;0,45;-1,39;1,76;-1,29;0,89;-0,68;0,96;-1,53;-0,24;0,68;0,44;0,4;1,29;-0,07;-1,1;-1,65;1,14;-0,27;-0,59;-1,79;-0,04;-0,08;-0,18;1,45;-2,13;-0,51;0,99;0,82;-0,09;1,76;-0,53;1,41;2,22;0,83;-1,04;1,1;1,02;-0,14;-1,65;-0,52;-1,01;-0,01;-1,22;-0,5;0,48;0,33;0,87;0,68;-0,31;-0,14;-1,64;-1,02;-0,41;-0,64;0,39;0,12;0,54;0,13;-0,26;-0,52;-0,26;-0,06;-0,06;-0,58;-1,38;-2,27;1,38;1,33;-0,16;0,21;-1,68;2,27
-0,59;0,26;0,24;-0,98;1;1,17;-0,37;1,16;1,16;0,6;-1,18;-1,71;0,27;-1,71;0,28;1,34;-2,34;-2,36;0,92;-0,05;-0,2;-2,91;2,08;2,23;-1,32;-1,19;-1,47;0,5;-0,5;0,53;-0,44;-3,21;1,44;0,47;-0,57;-2,22;-0,57;-2,43;-0,66;0,81;2,53;-0,61;2,13;1,35;-0,56;-1,14;-1,42;-1,13;-0,82;-0,85;-1,78;-1,29;-2,46;-0,66;-1,8;-0,65;-0,54;-1,21;-0,56;0,15;-2,02;-0,49;-0,51;-0,57;0,2;-0,78;0,76;-0,53;-0,6;0,23;0,14;-0,65;-1,75;-1,66;-0,57;-0,76;0,94;1,38;0,03;0,36;0,12;-0,21;-0,52;-0,33;0,03;-0,37;0,3;1,69;-1,86;1,93;-0,66;-1,93;1,19;-0,57;0,65;1,43;2,27
-0,36;-0,79;-0,74;-0,55;1,37;1,45;-0,01;1,88;1,8;0,39;-0,72;-0,93;0,45;-0,93;0,47;-1,21;0,47;0,49;-0,22;-0,73;-0,72;0,22;-0,19;-0,14;-1,22;0,91;-0,4;0,78;-0,38;0,04;-0,37;0,3;-1,58;-0,24;1,39;0,84;0,55;0,46;-0,04;-0,05;0,02;-0,42;-0,46;0,14;-2,09;-1,29;-1,4;0,19;-0,85;-0,94;0,07;2,54;1,23;0,24;0,7;0,29;0,58;1,04;0,8;1,03;-0,61;1,34;-0,37;0,48;-0,06;-0,23;-0,58;0,79;-0,17;-0,35;-0,55;-0,86;-0,53;-0,3;0,45;-1,2;-1,7;1,15;0,15;0,37;-0,3;-0,34;-0,17;-0,22;0,07;-0,39;-0,14;0,26;-0,19;-0,41;0,11;0,41;0,05;0,26;-0,29;-0,45;2,46
0,89;1,33;1,26;0,1;2,8;2,88;-1,41;1,22;1,25;1,23;0,25;-1,81;-0,12;-1,81;-0,13;-0,25;-1,32;-1,31;1,43;0,22;-0,17;-0,21;0,87;0,84;-1,46;0,37;-0,94;0,83;-0,05;-0,55;-1,01;0,08;-1,45;-0,41;1,37;0,42;0,24;-0,51;0,02;0,69;1,27;-0,96;2,62;-2,57;-1,53;-1,1;-1,6;-0,15;0,1;-1,01;-0,23;1,2;0,48;-0,34;0,32;0,88;0,22;0,8;2,45;0,34;-1,72;1,67;-0,77;0,57;-0,17;-0,57;-1,16;-1,14;-1,32;-0,26;0,47;0,95;-0,78;-1,62;-1,33;0,22;-0,93;0,92;-0,16;0,14;0,14;0,69;-0,51;-0,35;-0,1;-0,38;-0,1;-0,2;-1,43;0,83;-0,38;-0,83;-0,41;-0,64;0,77;-1,01;2,47
1,73;-0,52;-0,59;1,09;0,68;0,19;0,28;-0,22;-0,27;-0,24;-1,38;-0,37;-0,76;-0,37;-0,76;-1,28;3,23;3,24;-1,7;1,83;2,05;-2,29;0,57;0,61;-2,4;0,07;-2,65;1,14;-0,18;-0,34;-1,58;0,42;-2,49;0,26;1,28;0,19;-0,05;0,96;-0,01;-0,74;-1,43;-1,42;0,79;1,37;-2,44;-0,9;-2,07;-1,04;-1,43;-0,04;-0,24;0,88;3,29;-0,2;1,84;0,34;2,58;3,03;0,5;2,37;-1,14;0,63;0;0,58;0,43;0,35;-0,64;-0,01;-0,01;-0,74;-0,37;-0,92;-0,84;-1,13;-0,77;-0,26;-2,62;0,45;0,26;-0,8;-1,03;-0,47;-0,2;-0,63;-0,18;0,39;0,13;-0,13;1,03;-1,95;1,03;1,95;-0,08;1,81;-2,05;-0,71;2,46
1,52;0,71;0,6;0,76;0,91;0,58;0,34;-1,4;-1,43;0,41;-1,35;-0,9;-0,6;-0,89;-0,58;-0,72;1,94;1,95;-1,64;2,2;2,42;-0,74;1,44;1,4;-2,73;-0,75;-2,49;1,11;-0,18;-0,28;-1,83;-0,5;-2,2;0,77;1,99;-0,23;-0,68;0,56;0,46;-0,63;-1,45;-1,25;-0,05;0,71;-1,65;-0,85;-2,57;-1,09;-1,56;0,1;0,21;1,32;0,93;-0,44;-0,64;0,64;1,27;0,94;-0,97;0,71;-1,26;0,57;-0,1;-0,2;0,36;-0,2;2,18;-0,05;0,01;-0,28;0,11;-0,54;-0,68;-0,35;-0,99;-0,8;-1,55;0,25;0,87;-0,69;-0,52;-0,14;0;-0,19;-0,25;0,2;0,14;-1,25;0,83;-1,92;2,05;1,92;-0,59;1,41;-1,58;1,17;2,37
1,46;-0,03;-0,11;0,65;0,59;0,55;-1,15;0,89;0,98;0,56;-0,71;-1,26;0,65;-1,27;0,66;-0,19;0,94;0,93;-0,5;-0,41;-0,35;-0,74;-0,44;-0,34;-2,77;-0,1;-1,54;0,46;0,05;-0,33;-1,16;-1,95;-1,39;0,04;1,09;1,02;0,47;0,15;0,14;0,49;0,51;-0,13;-0,16;-0,87;-0,05;0,07;-0,05;-0,23;0,41;0,18;0,41;0,48;0,76;0,29;1,27;-0,02;0,51;1,18;1,36;1,41;-0,16;1,31;-0,18;0,78;-0,06;0,3;-0,29;-0,89;-0,58;0;0,04;0,04;0,14;-0,76;-0,55;-0,61;-0,69;0,54;0,41;0,44;0,11;0,03;0,08;0,04;0;-0,02;0,19;-0,11;-0,49;-0,54;0;0,54;-1,35;0,03;-0,07;0,84;2,19
1,29;0,54;0,4;0,49;-0,05;-0,35;0,02;-0,29;-0,32;-0,19;-0,7;-0,09;0,76;-0,09;0,78;-0,14;2,31;2,3;0,58;1,74;1,58;-0,12;0,37;0,28;-1,99;-0,41;-1,67;0,57;-0,2;0,07;-0,72;-0,95;-0,78;0,63;0,65;-0,25;0,27;0,63;-0,71;-0,57;-0,28;-0,37;0,26;2,2;-0,87;-0,47;-1,88;-1,38;-1,41;0,34;-0,35;-0,8;1,44;-1,26;-0,58;-0,68;-0,89;0,16;-0,26;0,76;0,57;-0,24;0,04;0,71;-0,19;0,55;0,48;0,72;0,26;-0,03;-0,42;-0,73;-0,86;-0,77;-0,2;0,81;-1,17;0,7;0,54;0,32;-0,7;-0,15;-0,1;-0,23;-0,02;0,19;0,19;0,22;-0,9;-0,11;1;0,11;0,63;1,64;-1,84;0,77;2,43
1,52;0,07;-0,11;0,42;0,27;0,11;1,13;0,08;0,13;0,18;-0,55;-0,73;-0,45;-0,73;-0,43;-1,03;-0,85;-0,85;0,2;1,46;1,31;0,51;0,05;-0,03;1,28;0,24;0,32;0,32;-0,04;-0,16;-0,1;2,39;-1,05;0,03;0,57;-0,69;0,3;-0,43;-0,69;-0,02;0,65;-0,72;0,85;0,95;-1;-1,48;-0,82;-0,5;-2,02;-0,97;-0,42;0,34;1,49;0,31;-1,86;1,56;0;-0,53;-0,62;0,82;-0,93;-0,17;-0,45;1,77;-0,17;0,71;2,52;-0,84;-1,5;-0,41;0,45;1,03;0,2;0,62;-0,54;0,48;-0,53;-0,1;-0,41;-0,17;0,72;1,05;-0,2;-0,33;-0,18;-0,44;-0,21;-0,11;-0,44;0,19;-0,07;-0,19;-0,1;-1,56;1,8;-1,08;2,21
-0,45;0,76;0,88;0,44;-1,15;-1,39;-2,16;1,3;1,31;1,28;-1,68;-3,24;1,52;-3,24;1,54;-1,34;3,4;3,41;-2,37;0,94;1,16;-0,06;-0,5;-0,53;-3,7;0,74;-2,48;0,54;-0,39;0,51;-1,08;-3,77;0,16;0,76;0,7;-0,77;0,17;0,36;-0,71;-0,53;-0,18;-1,13;-1,54;-0,35;-2,69;-0,65;-1,73;-1,55;-0,35;-0,23;-0,9;0,98;0,7;1,14;-0,57;-0,51;0,63;-0,19;3,09;1,94;-0,04;2,01;-0,24;0,21;-0,15;-0,17;-0,02;-0,09;-0,64;-1,15;-0,54;-1,45;0,98;0,44;1,29;-0,34;-1,96;0,86;0,32;0,04;-0,09;-0,31;0,14;-0,45;-0,07;-0,78;0,06;-1,77;0,18;1,45;-0,23;-1,45;-0,79;-0,93;1,17;0,36;2,69
0,71;-0,38;-0,46;0,32;0,14;-0,21;0,42;-0,14;-0,16;-0,63;0,37;1,55;1,21;1,56;1,19;0,57;-0,28;-0,26;0,52;0,1;0,09;0,39;0,33;0,32;0,32;-0,19;0,6;-0,47;0,43;-0,23;-0,5;0,34;-0,05;0,92;0,85;-0,98;-0,57;-0,27;-0,19;-0,15;-0,11;0,92;0,88;-1,46;-0,36;-0,08;-0,34;0,01;0,48;-0,48;0;1;-0,24;0;0,35;-0,23;0,21;0,2;-0,51;-0,17;0,13;-0,58;0,09;0,97;0,07;0,62;-0,96;0,08;-0,05;-0,32;-0,12;0,09;0,06;0,3;0,18;-0,12;0,29;0,08;-0,32;0,04;-0,17;-0,32;0,04;-0,05;-0,11;-0,08;0,16;0,68;-0,02;-1,02;0,71;1,02;0,38;-0,02;-0,01;0,84;2,08
1,73;0,37;0,21;0,63;-0,13;-0,58;-0,01;-0,3;-0,31;-0,89;-0,13;0,78;-0,32;0,78;-0,31;0,47;0,6;0,59;0,07;0,63;0,77;-0,49;0,77;0,84;-1,38;-0,28;-0,37;0,13;-0,33;0,63;0,47;-1,11;-0,36;1,27;1,09;-0,23;-0,61;0,22;0,27;-0,22;-0,55;-1,01;-0,05;1,5;0,28;-0,46;1,25;-0,53;0,71;1,15;-0,56;-1,49;1,16;-1;2,34;-1,81;0,19;2,14;-0,42;0,2;-0,47;-0,72;-0,31;0,33;-0,18;-0,16;0,95;-1,09;-0,89;-0,3;0,24;0,47;-0,3;-0,52;-0,2;-0,16;0,28;-0,92;0,38;-0,32;-0,09;0,71;-0,35;0,1;0,17;0,37;0,3;0,86;1,74;0,22;1,5;-0,22;-0,34;0,07;-0,05;1,08;2,04
0,47;3,38;3,25;0,3;0,78;0,72;-3,51;0,63;0,75;-1,22;0,58;2,16;0,2;2,16;0,2;-0,22;0,68;0,68;0,02;1,84;1,62;1,85;3,64;3,48;-0,51;0,95;0,63;-1,44;1,17;-0,59;-1,31;-2,45;1,83;2,87;1,16;-0,31;-1,77;-3,05;1,74;2,84;2,35;-1,03;0,24;0,8;-0,47;-0,96;-0,79;-0,4;-0,34;1,43;0,49;0,02;-0,56;-1,62;0,6;-0,07;-2;-0,9;0,68;-3,18;0,9;2,1;0,31;-0,27;-0,02;0,09;3,22;-0,18;0,72;-0,33;-0,82;-1,87;-0,44;0,14;0,24;0,89;1,11;0,89;0;-0,75;-0,73;-1,07;-0,44;-0,16;-0,23;0,66;0,34;-1,41;-1,05;0,24;1,31;-0,24;-0,16;-0,34;0,25;2,16;1,85
-2,26;0,26;0,52;-2,12;1,9;2,62;2,53;0,52;0,55;0,98;1,34;-0,04;-1,69;-0,04;-1,68;1,18;-0,2;-0,21;-1,19;0,15;0,37;1,08;0,46;0,36;-0,84;-3,83;-2,46;0,89;-0,77;0,73;0,23;-2,13;1,7;0,82;-1,42;-1,43;-0,68;-1,4;-0,33;1,11;1,95;-1,09;1,52;0,23;0,34;-1,75;1,47;-1,61;1,82;0,34;-1,41;-2,36;-0,18;1,45;-2,31;0,95;2,09;0,8;0,64;2,21;-3,95;-0,67;-0,96;0,3;0,4;-0,7;-0,88;-2,32;-1,22;-0,28;-0,42;0,19;-0,48;-1,35;-1,52;-1,9;0,28;-0,56;-0,03;0,59;0,89;0,57;-0,07;-0,74;-0,19;-0,48;-0,07;1,09;-1,06;-0,64;-0,31;0,64;0,41;-1,92;2,2;1,25;2,3
1,6;-1,21;-1,38;0,27;-1,07;-1,35;0,89;-0,73;-0,77;-0,6;-0,2;1,6;0,83;1,61;0,82;-0,05;0,97;0,97;-1,35;0,96;1,24;-1,97;0,83;0,95;0,01;0,2;-0,44;0,26;-0,22;0,31;-0,59;0,64;-0,64;0,87;0,41;0,15;0,44;0,47;-0,56;-0,41;0,46;0,7;-0,61;1,17;-0,76;-0,11;-0,14;-0,68;0,26;-1,49;-0,32;0,38;1,46;-0,58;0,76;0;1,61;1,81;-0,8;0,25;-0,16;-0,41;-0,34;0,91;-0,22;0,32;-0,22;0,45;-0,38;-0,61;0,18;-0,12;-0,04;0,27;0,39;0,31;-1,28;0,21;-0,53;0,21;-0,4;-0,22;0,13;-0,24;-0,14;0,2;0,07;0,29;0,25;-1,04;0,89;1,04;0,25;1,44;-1,58;-0,73;2,31
0,89;-1,31;-1,25;1,03;-0,47;-0,81;0,76;-1,26;-1,29;-1,07;0,58;1,66;0,56;1,66;0,55;-0,19;1,24;1,25;-1,14;-0,9;-0,48;-1,57;0,1;0,27;0,45;0,67;0,23;-0,09;0,08;0;-0,37;0,81;-0,55;0,34;0,46;0,14;-0,73;-0,39;0,83;0,4;0,01;0,66;-1;0,1;-0,22;0,16;1,71;-0,12;0,38;-0,4;-0,45;-0,31;-1,16;0,57;0,7;-0,63;0,81;0,61;0,67;0,82;1,12;0,27;0,11;0,61;-0,18;0,56;-1,88;-0,32;-0,27;-0,15;0,52;1,01;0,4;-0,5;-0,45;-0,18;-0,12;-0,22;-0,39;-0,7;0,29;0,41;0,28;0,09;-0,26;0,06;0,09;0,08;-0,13;-1,57;0,66;1,57;-0,97;0,16;-0,12;0,05;1,97
-1,13;-1,61;-1,52;-0,54;0,09;0,33;0,94;1,07;1,01;-0,55;0,45;0,48;0,14;0,48;0,14;2,39;-1,61;-1,64;0,12;-1,43;-1,39;0,38;0,09;0,05;1,38;-0,45;0,72;-0,03;-0,3;0,44;0,5;0,11;1,28;-0,31;-0,86;2;1,31;0,29;0,18;0,63;0,73;-0,16;-1,68;-0,22;-0,25;0,94;1,94;0,64;0,46;-0,18;0,35;-0,37;-2,66;-0,35;-1,41;-0,24;-0,33;-0,57;0,55;-1,25;0,24;1,05;0,2;-0,82;0,1;-0,15;-0,36;-0,65;-0,01;0,32;0,38;0,42;0,86;-0,15;-0,73;-1,08;1,38;-0,61;-0,12;-0,15;0,81;0,2;0,18;0,02;-0,46;-0,5;-0,13;-0,64;0,37;0,61;-0,87;-0,61;-0,62;-1,54;1,69;0,98;1,77
-0,6;0,93;0,99;-0,16;-0,37;-0,92;0,15;-1,72;-1,79;-0,96;-0,01;1,01;1,21;1,01;1,21;-0,37;0,97;0,94;-0,47;0,11;-0,11;0,31;1,42;1,44;1,13;2,35;0,8;-0,23;0,47;-0,66;0,22;0,88;0,23;0,03;0,35;0,59;0,48;-0,84;-0,09;1,16;2,24;0,28;-3,66;0,48;-1,02;-0,8;0,68;0,66;2,11;-0,53;-0,78;0,2;-0,75;0,04;-1,86;-0,31;1,61;1,84;1,11;0,96;0,26;2,34;-0,26;-0,59;-0,21;-0,49;-0,56;0,58;-0,13;-0,01;-0,05;0,34;-0,23;-0,18;-0,99;-0,26;-0,46;0,81;-0,21;0,99;0;0,12;-0,1;0,2;-0,03;0,05;-0,05;-0,64;-0,26;-1,24;-0,36;1,24;-1,79;0,67;-0,76;-2,37;2,1
-1,18;-0,87;-0,75;-0,48;-0,14;0,21;-0,09;0,55;0,56;0,35;0,53;-0,7;1,49;-0,71;1,47;0,34;0,05;0,07;-0,19;-1,8;-1,66;-0,82;-0,16;-0,11;-0,23;0,28;-0,13;0,15;0,15;-0,46;-0,57;-0,32;-0,26;-0,62;-0,07;1,15;0,74;0,03;0,02;0,7;0,83;1,28;-0,69;-2;0,35;-0,85;0,48;0,09;1,8;-0,78;0,27;-0,03;-0,53;0,34;-1,3;0,03;0,79;1,36;1,91;0,29;1,02;2,3;0,22;-0,28;-0,13;0,06;-2,97;-0,39;0,01;0,08;0,62;-0,18;0,82;-0,32;0,2;-1,07;-0,45;-0,19;0,3;0,39;0,52;0,33;0,11;-0,03;-0,07;-0,32;-0,1;0,28;0,05;-0,46;-1,14;0,46;-1,71;-0,77;0,89;0,33;2,12
-0,28;0,82;0,84;0,44;-0,86;-1,01;-0,87;-0,04;-0,02;0,43;-0,62;-0,59;0,69;-0,59;0,69;0,17;0,94;0,93;0,04;1,06;1,07;0,36;-0,19;-0,26;0,02;-0,95;-0,66;0,2;0,13;-0,33;-0,39;0,38;-0,35;0,1;0,07;-0,26;0,3;0,67;-0,65;-0,91;-0,72;0,51;0,08;-0,47;-1,76;-0,34;-0,25;-0,26;0,27;-1,58;-0,82;1,21;-0,06;-0,15;-1,62;1;-1,38;-1,77;0,34;-0,66;0,83;0,12;0,32;0,54;-0,04;0,67;0,72;1,03;0,56;0,05;-0,24;0,21;0,16;-0,4;-0,13;1,61;0,11;0,01;-0,44;-0,11;-0,39;-0,25;0,33;-0,32;-0,21;-0,04;0,12;-0,77;-1,11;0,45;-0,67;-0,45;2,24;0,96;-1,08;0,56;2,25
-1,68;0,31;0,56;0,21;-0,06;-0,18;1,48;0,99;0,98;-0,39;2,12;1,79;-1,19;1,79;-1,22;1,76;-2,7;-2,71;-1,05;-1,81;-1,28;1,09;-0,14;-0,22;0,91;-0,96;1,21;-1,18;0,96;-0,82;0,04;0,77;0,95;-0,1;-0,59;-0,08;-0,64;-0,12;0,58;0,1;-1;1,06;-0,25;1,61;1,84;0,47;0,68;0,39;0,76;3,11;1,07;-2,7;-0,62;0,23;-1,48;0,27;-2,19;-2,92;-1,69;0,13;-0,51;-1,6;0,08;0,54;0,22;0,32;-0,13;-1,4;-0,35;0,06;0,5;1,31;1,78;0,39;0,29;0,93;1,98;-2,51;-0,84;-0,79;0,28;0,84;0,25;0,04;-0,25;-0,03;-0,03;0,53;1,24;1,61;-0,84;-1,61;0,3;-0,12;0,24;-0,89;1,64
1,1;1;0,86;-2,36;-3,18;-2,48;-1,41;0,41;0,48;2,52;0,92;-2,2;-4,51;-2,18;-4,53;-0,69;3,36;3,35;-5,01;4,93;5,76;-3,95;2,35;2,59;0,59;-0,62;0,47;-0,77;1,46;-1,9;-0,89;3,06;-2,28;0,05;0,75;-3,47;-4,26;-1,73;1,81;-0,17;-2,55;0,48;-0,86;0,08;4,5;0,31;1,05;0,26;-0,33;0,83;1,76;-1,73;0,4;-3,24;-0,27;0,04;-2,07;-0,57;-0,77;-3,22;-0,3;-0,68;0,71;-3,29;0,93;-1,23;-2,98;-1,05;-0,38;-0,12;0,04;1,63;-0,79;-0,74;-0,36;3,21;0,3;-1,9;-1,28;-0,58;0,11;0,32;-0,3;0,02;0,45;1,39;0,12;-0,52;1,49;-4,56;3,51;4,56;-1,27;0,05;-0,13;-3,04;1,78
0,23;0,23;0,21;0,8;-0,06;0,07;-0,33;0,22;0,29;-0,16;-0,55;-0,98;0,67;-0,98;0,68;-0,36;1,28;1,29;-0,16;-0,02;0,04;-0,9;-1,77;-1,76;-1,34;0,1;-0,67;0,3;-0,42;0,55;-0,45;-2,05;0,65;0,37;0,19;0,61;0,2;0,03;0,29;0,41;-0,21;-0,69;-0,82;-0,12;0,72;0,84;-0,95;0,11;-0,39;1,76;0,9;-1,5;0,11;-0,03;-0,73;1,61;-0,04;-0,66;0,86;0,22;0,82;0,94;0,27;0,75;0,02;0,64;-0,27;1,33;1,07;0,51;0,89;-1,21;0,04;-0,34;-0,5;-0,65;-0,02;1,57;0,76;0,4;0,12;-0,18;-0,03;-0,18;0,01;-0,17;0,13;-1,02;-0,79;0,48;-0,85;-0,48;-1,1;0,6;-0,6;0,73;2,17
1,27;0,22;-0,01;-2,15;-0,1;0,88;-1,49;2,16;2,33;1,21;0,28;-0,69;-0,41;-0,68;-0,41;0,57;-0,28;-0,28;0,63;-1,98;-2,02;0,53;-2,79;-2,79;1,11;-1,3;1,16;-1,41;1,37;-1,39;-0,02;-0,69;1,58;-0,43;-1,37;-1,23;0,37;-0,37;-1,17;-0,21;1,15;0,58;0,78;-0,82;0,15;-1,13;1,22;1,02;2,2;0,46;0,22;-0,02;-0,89;1,61;-1,43;0,52;0,27;-1,65;0,56;-0,54;-0,89;1,04;-0,23;-1,41;0,02;-1,08;1,14;-0,6;-0,4;0,54;0,51;1,14;1,44;1,23;0,36;-0,82;1,3;-0,69;-0,43;-0,52;-0,01;0,37;0,3;0,67;0,27;-0,06;0,09;0,44;-0,27;-1,13;-0,12;1,13;-1,55;0,59;-0,74;-1,71;1,87
2,97;-1,95;-2,28;-0,05;1,22;1,21;-1,14;-0,34;-0,34;0,17;-0,88;0,12;-0,18;0,12;-0,17;0,16;-1,8;-1,8;0,65;0,79;0,35;-0,52;2,76;2,61;-1,47;1,65;-0,91;0,96;-1,25;1,44;0,85;-2,02;0,51;0,24;0,43;0,5;-0,65;0,63;1,25;-0,49;-2,34;-1,95;1,9;0,06;-3,26;-0,04;0,74;-0,05;2,62;-2,07;-1,34;1,84;1,73;1,32;-3,94;3,01;-0,59;-2,32;0,25;2,06;1,19;0,71;0,6;-0,27;0,09;0,35;-0,99;0,7;-0,25;0,14;-0,67;-0,26;-0,99;-1,07;0;-0,34;-0,59;0,86;0,01;-0,42;-0,02;0,08;-0,51;-0,08;0,38;0,57;-0,1;2,91;-1,33;-0,28;0,61;0,28;-0,28;-1,13;1,11;-2,93;2,09
0,05;-0,99;-1,01;0,14;1;1;-0,39;0,94;0,88;0,08;-0,8;-0,34;0;-0,35;0,01;-0,28;-0,22;-0,23;0,26;-0,11;-0,22;-0,6;-0,28;-0,23;-1,78;-0,68;-1,25;0,55;-0,19;-0,02;-1;-1,46;-0,37;0,13;0,46;1,31;0,85;1,31;0,14;-0,72;-1,44;-0,29;-0,74;-0,91;-0,49;-0,93;-1,28;-0,01;-1,24;-1,15;-0,1;1,61;-0,91;0,15;0,26;0,71;-0,22;0,38;0,14;0,58;0,81;1,16;0,33;-0,21;0,17;0,26;1,28;0,04;-0,49;-0,44;-0,33;-0,72;-0,24;-0,76;-0,55;-0,87;-0,63;0,97;0,12;1,02;0,3;-0,6;0,01;-0,51;-0,21;-0,35;-0,02;-0,33;-0,14;-1,25;0,32;1,25;-0,96;-0,94;1,04;0,69;2,24
-0,6;0,93;0,99;-0,16;-0,37;-0,92;0,15;-1,72;-1,79;-0,96;-0,01;1,01;1,21;1,01;1,21;-0,37;0,97;0,94;-0,47;0,11;-0,11;0,31;1,42;1,44;1,13;2,35;0,8;-0,23;0,47;-0,66;0,22;0,88;0,23;0,03;0,35;0,59;0,48;-0,84;-0,09;1,16;2,24;0,28;-3,66;0,48;-1,02;-0,8;0,68;0,66;2,11;-0,53;-0,78;0,2;-0,75;0,04;-1,86;-0,31;1,61;1,84;1,11;0,96;0,26;2,34;-0,26;-0,59;-0,21;-0,49;-0,56;0,58;-0,13;-0,01;-0,05;0,34;-0,23;-0,18;-0,99;-0,26;-0,46;0,81;-0,21;0,99;0;0,12;-0,1;0,2;-0,03;0,05;-0,05;-0,64;-0,26;-1,24;-0,36;1,24;-1,79;0,67;-0,76;-2,37;2,1
